Year,Agreement_Type,Source_URL,Main_Title,Issued by,Date of Issue,Decision number,Date of entry into force of collective agreement,Expiry date of collective agreement,Date of signature of collective agreement,General applicability,Employer side,Employee side,PDF_1,PDF_2,PDF_3,PDF_4,PDF_5,PDF_6,PDF_7,Comments
2001,General Applicability Agreement,https://www.finlex.fi/en/authorities/collective-agreements/2001/18,Kollektivavtal för busspersonalen,Committee for Confirming the General Applicability of Collective Agreements,30.10.2001,18/2001,26.2.2025,31.1.2028,10.3.2025,Kollektivavtalet är allmänt bindande,Biltrafikens Arbetsgivareförbund rf,Bil- och Transportbranschens Arbetareförbund rf,LinjauthStmRuotsi2502.pdf,LinjauthStmRuotsi2303.pdf,LinjauthStmRuotsi2102.pdf,,,,,
2001,General Applicability Agreement,https://www.finlex.fi/en/authorities/collective-agreements/2001/19,Kollektivavtal för målningsbranschen inklusive entreprenadprissättning,Committee for Confirming the General Applicability of Collective Agreements,30.10.2001,19/2001,1.3.2025,29.2.2028,7.5.2025,Kollektivavtalet är allmänt bindande,Finlands Målarmästareförbund rf,Byggnadsförbundet rf,MaalausalaStmRuotsi2503.pdf,MaalausalaStmRuotsi2303.pdf,MaalausalaStmRuotsi2203.pdf,,,,,
2001,General Applicability Agreement,https://www.finlex.fi/en/authorities/collective-agreements/2001/26,Apteekkien työntekijöiden työehtosopimus,Committee for Confirming the General Applicability of Collective Agreements,4.12.2001,26/2001,28.5.2025,30.4.2028,28.5.2025,Työehtosopimus on yleissitova,Palvelualojen työnantajat PALTA ry,Palvelualojen ammattiliitto PAM ry,Apteek2505.pdf,Apteek2305.pdf,Apteek2205.pdf,,,,,
2001,General Applicability Agreement,https://www.finlex.fi/en/authorities/collective-agreements/2001/27,Farmaseuttisen henkilöstön työehtosopimus,Committee for Confirming the General Applicability of Collective Agreements,4.12.2001,27/2001,7.3.2025,31.1.2028,16.3.2025,Työehtosopimus on yleissitova,Palvelualojen työnantajat PALTA ry,Suomen Farmasialiitto ry,Farmas2503.pdf,Farmas2302.pdf,Farmas2202.pdf,,,,,
2001,General Applicability Agreement,https://www.finlex.fi/en/authorities/collective-agreements/2001/33,Terminaalitoimintaa koskeva työehtosopimus,Committee for Confirming the General Applicability of Collective Agreements,4.12.2001,33/2001,26.2.2025,31.1.2028,10.3.2025,Työehtosopimus on yleissitova,Autoliikenteen Työnantajaliitto ry,Auto- ja Kuljetusalan Työntekijäliitto AKT ry,Terminaalitoiminta2502.pdf,Terminaalitoiminta2302.pdf,Terminaalitoiminta2102.pdf,,,,,
2001,General Applicability Agreement,https://www.finlex.fi/en/authorities/collective-agreements/2001/36,Kollektivavtal för vattenisoleringsbranschen,Committee for Confirming the General Applicability of Collective Agreements,4.12.2001,36/2001,1.3.2025,29.2.2028,1.3.2025,Kollektivavtalet är allmänt bindande,Takförbundet rf,Byggnadsförbundet rf,VedenristysStmRuotsi22503.pdf,VedenristysStmRuotsi12503.pdf,VedenristysStmRuotsi22303.pdf,VedenristysStmRuotsi12303.pdf,VedenristysStmRuotsi22203.pdf,VedenristysStmRuotsi12203.pdf,,
2001,General Applicability Agreement,https://www.finlex.fi/en/authorities/collective-agreements/2001/40,Pappersindustrins kollektivavtal,Committee for Confirming the General Applicability of Collective Agreements,18.12.2001,40/2001,10.2.2020,31.12.2021,10.2.2020,Kollektivavtalet är allmänt bindande,Skogsindustrin rf,Pappersförbundet rf,TT57Papetytruotssstmkielenk2002.pdf,TT57Papetytruotssstmkielenk1711.pdf,,,,,,
2001,General Applicability Agreement,https://www.finlex.fi/en/authorities/collective-agreements/2001/41,Kollektivavtal gällande arbetstagare i pappers- och trämassaindustrins elbransch,Committee for Confirming the General Applicability of Collective Agreements,18.12.2001,41/2001,10.2.2020,31.12.2021,10.2.2020,Kollektivavtalet är allmänt bindande,Skogsindustrin rf,Elbranschernas fackförbund rf,TT55Papuusahruotsstmkielenk2002.pdf,TT55Papuusahruotsstmkielenk1711.pdf,,,,,,
2001,General Applicability Agreement,https://www.finlex.fi/en/authorities/collective-agreements/2001/51,Kollektivavtal för livsmedelsbranscherna,Committee for Confirming the General Applicability of Collective Agreements,18.12.2001,51/2001,14.4.2025,31.1.2028,14.4.2025,Kollektivavtalet är allmänt bindande,Livsmedelsindustriförbundet rf,Finlands Livsmedelsarbetareförbund SEL rf,ElintarvStmRuotsi2504.pdf,ElintarvStmRuotsi2302.pdf,ElintarvStmRuotsi2102.pdf,,,,,
2001,General Applicability Agreement,https://www.finlex.fi/en/authorities/collective-agreements/2001/53,Kollektivavtal för köttbranschen mellan Finlands Livsmedelsindustriförbund rf och Finlands Livsmedelsarbetareförbund SEL rf,Committee for Confirming the General Applicability of Collective Agreements,18.12.2001,53/2001,14.4.2025,31.1.2028,14.4.2025,Kollektivavtalet är allmänt bindande,Livsmedelsindustriförbundet rf,Finlands Livsmedelsarbetareförbund SEL rf,Liha-alaStmRuotsi2504.pdf,Liha-alaStmRuotsi2302.pdf,Liha-alaStmRuotsi2102.pdf,,,,,
2001,General Applicability Agreement,https://www.finlex.fi/en/authorities/collective-agreements/2001/55,Leipomoiden työntekijöitä koskeva työehtosopimus,Committee for Confirming the General Applicability of Collective Agreements,18.12.2001,55/2001,14.4.2025,31.1.2028,14.4.2025,Työehtosopimus on yleissitova,Elintarviketeollisuusliitto ry,Suomen Elintarviketyöläisten Liitto SEL ry,Leipomot2504.pdf,Leipomot2302.pdf,Leipomot2102.pdf,,,,,
2001,General Applicability Agreement,https://www.finlex.fi/en/authorities/collective-agreements/2001/58,Panimoiden ja virvoitusjuomatehtaiden työehtosopimus,Committee for Confirming the General Applicability of Collective Agreements,18.12.2001,58/2001,14.4.2025,31.1.2028,14.4.2025,Työehtosopimus on yleissitova,Elintarviketeollisuusliitto ry,Suomen Elintarviketyöläisten Liitto SEL ry,Panvirv2504.pdf,Panvirv2302.pdf,Panvirv2102.pdf,,,,,
2001,General Applicability Agreement,https://www.finlex.fi/en/authorities/collective-agreements/2001/61,Kollektivavtal gällande taxitrafiken,Committee for Confirming the General Applicability of Collective Agreements,18.12.2001,61/2001,10.3.2025,31.1.2028,10.3.2025,Kollektivavtalet är inte allmänt bindande,Taksiliikenteen Työnantajat ry,Bil- och transportbranschens Arbetarförbund AKT rf,,,,,,,,
2002,General Applicability Agreement,https://www.finlex.fi/en/authorities/collective-agreements/2002/2,Rakennustuoteteollisuuden työehtosopimus,Committee for Confirming the General Applicability of Collective Agreements,5.2.2002,2/2002,1.3.2025,29.2.2028,2.6.2025,Työehtosopimus on yleissitova,Rakennustuoteteollisuus RTT ry,Rakennusliitto ry,Rakennustuoteteollisuus2503.pdf,Rakennustuoteteollisuus2303.pdf,Rakennustuoteteollisuus2203.pdf,,,,,
2002,General Applicability Agreement,https://www.finlex.fi/en/authorities/collective-agreements/2002/19,Medialiiton ja Suomen Journalistiliiton välinen työehtosopimus,Committee for Confirming the General Applicability of Collective Agreements,5.2.2002,19/2002,1.5.2025,30.4.2028,5.5.2025,Työehtosopimus on yleissitova,Medialiitto ry,Suomen Journalistiliitto ry,Journal2505.pdf,Journal2305.pdf,Journal2206.pdf,,,,,
2002,General Applicability Agreement,https://www.finlex.fi/en/authorities/collective-agreements/2002/21,Kollektivavtal för skogsbranschens tjänstemän,Committee for Confirming the General Applicability of Collective Agreements,5.3.2002,21/2002,11.3.2020,31.12.2022,11.3.2020,Kollektivavtalet är allmänt bindande,Skogsindustrin rf,METO-Skogbranschens Experter rf,TT50Metsathruotsstsmkielenk2003.pdf,TT50Metsathruotsstsmkielenk1802.pdf,,,,,,
2002,General Applicability Agreement,https://www.finlex.fi/en/authorities/collective-agreements/2002/75,Kollektivavtal för personalbranschen,Committee for Confirming the General Applicability of Collective Agreements,16.9.2002,75/2002,30.4.2025,29.2.2028,15.5.2025,Kollektivavtalet är allmänt bindande,Henkilöstöala HELA ry,Tjänstemannaförbundet ERTO rf,HenkilostoalaStmRuotsi2504.pdf,HenkilostoalaStmRuotsi2303.pdf,HenkilostopalvelualaStmRuotsi2203.pdf,,,,,
2002,General Applicability Agreement,https://www.finlex.fi/en/authorities/collective-agreements/2002/92,Kollektivavtal för infrabranschen,Committee for Confirming the General Applicability of Collective Agreements,15.10.2002,92/2002,1.3.2025,29.2.2028,9.5.2025,Kollektivavtalet är allmänt bindande,Infra rf,Byggnadsförbundet rf,InfraAlaStmRuotsi2503.pdf,InfraAlaStmRuotsi2303.pdf,InfraAlaStmRuotsi2203.pdf,,,,,
2002,General Applicability Agreement,https://www.finlex.fi/en/authorities/collective-agreements/2002/93,Kollektivavtal för markbyggnadsbranschen (Maskinföretagarnas förbund),Committee for Confirming the General Applicability of Collective Agreements,15.10.2002,93/2002,1.3.2025,29.2.2028,1.4.2025,Kollektivavtalet är inte allmänt bindande,Maskinföretagarnas förbund rf,Byggnadsförbundet rf,,,,,,,,
2002,General Applicability Agreement,https://www.finlex.fi/en/authorities/collective-agreements/2002/97,Kollektivavtal för golvbeläggningsbranschen,Committee for Confirming the General Applicability of Collective Agreements,15.10.2002,97/2002,1.3.2025,29.2.2028,9.5.2025,Kollektivavtalet är allmänt bindande,Golv- och väggbeläggningsförbundet,Byggnadsförbundet rf,LattiaStmRuotsi2503.pdf,LattiaStmRuotsi2303.pdf,LattiaStmRuotsi2203.pdf,,,,,
2002,General Applicability Agreement,https://www.finlex.fi/en/authorities/collective-agreements/2002/115,Autoliikennealojen toimihenkilöitä koskeva työehtosopimus,Committee for Confirming the General Applicability of Collective Agreements,29.11.2002,115/2002,1.4.2025,31.3.2028,11.4.2025,Työehtosopimus on yleissitova,Autoliikenteen Työnantajaliitto ry,Toimihenkilöliitto ERTO ry,Autotoimih2504.pdf,Autotoimih2304.pdf,Autotoimih2204.pdf,,,,,
2002,General Applicability Agreement,https://www.finlex.fi/en/authorities/collective-agreements/2002/116,Huoltokorjaamoiden työehtosopimus,Committee for Confirming the General Applicability of Collective Agreements,29.11.2002,116/2002,26.2.2025,31.1.2028,10.3.2025,Työehtosopimus on yleissitova,Autoliikenteen Työnantajaliitto ry,Auto- ja Kuljetusalan Työntekijäliitto ry,Huoltokorjaamo2502.pdf,Huoltokorjaamo2303.pdf,Huoltokorjaamo2102.pdf,,,,,
2003,General Applicability Agreement,https://www.finlex.fi/en/authorities/collective-agreements/2003/7,Kuorma-autoalan työehtosopimus,Labour Court,31.1.2003,7/2003,26.2.2025,31.1.2028,10.3.2025,Työehtosopimus on yleissitova,Autoliikenteen Työnantajaliitto ry,Auto- ja Kuljetusalan Työntekijäliitto AKT ry,Kuormauto2502.pdf,Kuormauto2302.pdf,Kuormauto2102.pdf,,,,,
2003,General Applicability Agreement,https://www.finlex.fi/en/authorities/collective-agreements/2003/11,Medialiiton ja Suomen Journalistiliiton välinen kustannustoimittajien työehtosopimus,Committee for Confirming the General Applicability of Collective Agreements,30.9.2003,11/2003,1.5.2025,30.4.2028,5.5.2025,Työehtosopimus on yleissitova,Medialiitto ry,Suomen Journalistiliitto ry,Kustannustoimittajat2505.pdf,Kustannustoimittajat2305.pdf,Kustannustoimittajat2209.pdf,,,,,
2003,General Applicability Agreement,https://www.finlex.fi/en/authorities/collective-agreements/2003/103,Kollektivavtal för teatermusiker/ Teaterkollektivavtal för ordinarie musiker,Labour Court,30.12.2003,103/2003,14.3.2025,28.2.2028,14.3.2025,Kollektivavtalet är inte allmänt bindande,Suomen Teatterit - Finlands Teatrar ry (tidigare Finlands Teaterförbund rf ),Finlands musikers förbund,,,,,,,,
2003,General Applicability Agreement,https://www.finlex.fi/en/authorities/collective-agreements/2003/104,Kollektivavtal för teatermusiker/ Kollektivavtal för tillfälliga teatermusiker,Labour Court,30.12.2003,104/2003,14.3.2025,28.2.2028,14.3.2025,Kollektivavtalet är allmänt bindande,Suomen Teatterit - Finlands Teatrar ry (tidigare Finlands Teaterförbund rf),Finlands musikers förbund,TilapTeamuusStmRuotsi2503.pdf,TilapTeamuusStmRuotsi2303.pdf,TilapTeamuusStmRuotsi2204.pdf,,,,,
2004,General Applicability Agreement,https://www.finlex.fi/en/authorities/collective-agreements/2004/9,Kollektivavtal mellan Gummiindustrin rf och Kemiindustrin rf för arbetstagare i elbranschen,Committee for Confirming the General Applicability of Collective Agreements,23.6.2004,9/2004,3.4.2025,31.1.2028,9.6.2025,Kollektivavtalet är inte allmänt bindande,"Kemiindustrin rf, Gummiindustrin rf",Elbranschernas fackförbund rf,,,,,,,,
2005,General Applicability Agreement,https://www.finlex.fi/en/authorities/collective-agreements/2005/6,Kollektivavtal för elektriker inom byggproduktindustrin,Committee for Confirming the General Applicability of Collective Agreements,12.5.2005,6/2005,1.3.2025,29.2.2028,4.8.2025,Kollektivavtalet är inte allmänt bindande,Byggproduktindustrin RTT rf,Elbranschernas fackförbund rf,,,,,,,,
2006,General Applicability Agreement,https://www.finlex.fi/en/authorities/collective-agreements/2006/11,Kollektivavtal för elektriker inom livsmedelsindustrin,Committee for Confirming the General Applicability of Collective Agreements,31.8.2006,11/2006,14.4.2025,31.1.2028,9.5.2025,Kollektivavtalet är inte allmänt bindande,Livsmedelsindustrin rf,Elbranschernas Fackförbund rf,,,,,,,,
2007,General Applicability Agreement,https://www.finlex.fi/en/authorities/collective-agreements/2007/7,Kollektivavtal för personalen inom munhälsovården,Committee for Confirming the General Applicability of Collective Agreements,3.5.2007,7/2007,1.4.2024,31.3.2026,9.6.2024,Kollektivavtalet är inte allmänt bindande,Hammaslääkärien työnantajayhdistys ry,Tehy ry,,,,,,,,
2008,General Applicability Agreement,https://www.finlex.fi/en/authorities/collective-agreements/2008/14,Kemianteollisuuden ylempiä toimihenkilöitä koskeva työehtosopimus,Committee for Confirming the General Applicability of Collective Agreements,11.9.2008,14/2008,15.4.2025,31.1.2028,5.5.2025,Työehtosopimus on yleissitova,Kemianteollisuus ry,Ylemmät Toimihenkilöt YTN ry,Kemiaylth2504.pdf,Kemiaylth2303.pdf,Kemiaylth2202.pdf,,,,,
2008,General Applicability Agreement,https://www.finlex.fi/en/authorities/collective-agreements/2008/37,Kollektivavtal för skidcenterbranschen,Committee for Confirming the General Applicability of Collective Agreements,18.12.2008,37/2008,1.2.2025,31.1.2028,30.3.2025,Kollektivavtalet är allmänt bindande,Turism- och Restaurangförbundet MaRa rf,Servicefacket PAM rf,HiihtokStmRuotsi2502.pdf,HiihtokStmRuotsi2211.pdf,HiihtokStmRuotsi2111.pdf,,,,,
2009,General Applicability Agreement,https://www.finlex.fi/en/authorities/collective-agreements/2009/3,Energiateollisuuden ylempien toimihenkilöiden työehtosopimus,Committee for Confirming the General Applicability of Collective Agreements,29.1.2009,3/2009,1.3.2025,29.2.2028,11.4.2025,Työehtosopimus on yleissitova,Energiateollisuus ry,Ylemmät Toimihenkilöt YTN ry,Energyltoih2503.pdf,Energyltoih2303.pdf,Energyltoih2203.pdf,,,,,
2010,General Applicability Agreement,https://www.finlex.fi/en/authorities/collective-agreements/2010/11,Kollektivavtal för asfaltbranschen,Committee for Confirming the General Applicability of Collective Agreements,14.10.2010,11/2010,1.3.2025,29.2.2028,9.5.2025,Kollektivavtalet är allmänt bindande,Infra rf,Byggnadsförbundet rf,AsfalttiStmRuotsi2503.pdf,AsfalttiStmRuotsi2303.pdf,AsfalttiStmRuotsi2203.pdf,,,,,
2010,General Applicability Agreement,https://www.finlex.fi/en/authorities/collective-agreements/2010/13,"Matkailu-, ravintola- ja vapaa-ajan palveluita koskeva työehtosopimus - työntekijät",Committee for Confirming the General Applicability of Collective Agreements,11.11.2010,13/2010,1.4.2025,31.3.2028,22.5.2025,Työehtosopimus on yleissitova,Matkailu- ja Ravintolapalvelut MaRa ry,Palvelualojen ammattiliitto PAM ry,Matkailutyont2504.pdf,Matkailutyont2304.pdf,Matkailutyont2204.pdf,,,,,
2010,General Applicability Agreement,https://www.finlex.fi/en/authorities/collective-agreements/2010/14,"Matkailu-, ravintola- ja vapaa-ajan palveluita koskeva työehtosopimus - esihenkilöt",Committee for Confirming the General Applicability of Collective Agreements,11.11.2010,14/2010,1.4.2025,31.3.2028,22.5.2025,Työehtosopimus on yleissitova,Matkailu- ja Ravintolapalvelut MaRa ry,Palvelualojen ammattiliitto PAM ry,Matkailuesihenkilo2504.pdf,Matkailuesihenkilo2304.pdf,Matkailuesim2204.pdf,,,,,
2011,General Applicability Agreement,https://www.finlex.fi/en/authorities/collective-agreements/2011/5,Kollektivavtal för teaterbranschen,Committee for Confirming the General Applicability of Collective Agreements,13.1.2011,5/2011,1.3.2025,29.2.2028,25.3.2025,Kollektivavtalet är allmänt bindande,Suomen Teatterit - Finlands Teatrar ry.,Teatteri- ja Mediatyöntekijät ry.,TeatterialaStmRuotsi2503.pdf,TeatterialaStmRuotsi2303.pdf,TeatterialaStmRuotsi2203.pdf,,,,,
2011,General Applicability Agreement,https://www.finlex.fi/en/authorities/collective-agreements/2011/26,Kollektivavtal för byggbranschen,Committee for Confirming the General Applicability of Collective Agreements,8.12.2011,26/2011,1.3.2025,29.2.2028,7.5.2025,Kollektivavtalet är allmänt bindande,Hembyggnadsindustrin rf,Byggnadsförbundet rf,RakennusStmRuotsi2503.pdf,RakennusStmRuotsi2303.pdf,RakennusStmRuotsi2205.pdf,,,,,
2012,General Applicability Agreement,https://www.finlex.fi/en/authorities/collective-agreements/2012/1,Ulkomaanliikenteen matkustaja-alussopimus,Committee for Confirming the General Applicability of Collective Agreements,13.1.2012,1/2012,1.3.2024,28.2.2026,9.2.2024,Työehtosopimus on yleissitova,Suomen Varustamot ry,Suomen Merimies-Unioni SMU ry,Ulkomliikmatkustus2403.pdf,Liitesopimukset_2024-2026.pdf,Liitesopimukset_2021-2024.pdf,Ulkomliikmatkustus2103.pdf,Ulkomliikmatkustus21003.pdf,,,
2012,General Applicability Agreement,https://www.finlex.fi/en/authorities/collective-agreements/2012/5,Kollektivavtal för bevakningsbranschen,Committee for Confirming the General Applicability of Collective Agreements,9.2.2012,5/2012,1.4.2025,31.3.2028,31.3.2025,Kollektivavtalet är allmänt bindande,Arbetsgivarna för servicebranscherna PALTA rf,Servicefacket PAM rf,VartiointialaStmRuotsi2504.pdf,VartiointialaStmRuotsi2304.pdf,VartiointialaStmRuotsi2204.pdf,,,,,
2012,General Applicability Agreement,https://www.finlex.fi/en/authorities/collective-agreements/2012/7,Viestinvälitys- ja logistiikka-alan ylempien toimihenkilöiden työehtosopimus,Committee for Confirming the General Applicability of Collective Agreements,22.3.2012,7/2012,9.4.2025,30.11.2027,15.4.2025,Työehtosopimus on yleissitova,Palvelualojen työnantajat PALTA ry,Ylemmät Toimihenkilöt YTN ry,Viestvallogisylemth2504.pdf,Viestvallogisylemth2303.pdf,Viestvallogisylemth2202.pdf,,,,,
2012,General Applicability Agreement,https://www.finlex.fi/en/authorities/collective-agreements/2012/9,Medialiiton ja Ammattiliitto Pron välinen toimihenkilöitä koskeva työehtosopimus,Committee for Confirming the General Applicability of Collective Agreements,22.3.2012,9/2012,1.3.2023,28.2.2025,27.2.2023,Työehtosopimus ei ole yleissitova,Medialiitto ry,Ammattiliitto Pro ry,,,,,,,,Tämän päätöksen korvaa 6.10.2025 annettu päätös 5/2025 (Medialiiton ja Ammattiliitto Pron sekä Viestintäalan toimihenkilöt Grafinet ry:n välinen toimihenkilöitä koskeva työehtosopimus)
2012,General Applicability Agreement,https://www.finlex.fi/en/authorities/collective-agreements/2012/10,Kotimaan matkustaja-alusliikenteen työehtosopimus,Committee for Confirming the General Applicability of Collective Agreements,22.3.2012,10/2012,4.4.2025,29.2.2028,4.4.2025,Työehtosopimus on yleissitova,"Palvelualojen työnantajat PALTA ry, Suomen Matkustajalaivayhdistys ry","Suomen Konepäällystöliitto ry, Suomen Laivanpäällystöliitto ry, Suomen Merimies-Unioni SMU ry",Kotimatkustalus2504.pdf,Kotimatkustalus2303.pdf,Kotimatkustalus2204.pdf,,,,,
2012,General Applicability Agreement,https://www.finlex.fi/en/authorities/collective-agreements/2012/14,Kumiteollisuuden toimihenkilöiden työehtosopimus,Committee for Confirming the General Applicability of Collective Agreements,10.5.2012,14/2012,26.3.2025,31.12.2027,10.3.2025,Työehtosopimus on yleissitova,Kumiteollisuus ry,Ammattiliitto Pro ry,Kumiteollth2503.pdf,Kumiteollth2302.pdf,Kumiteollth2201.pdf,,,,,
2012,General Applicability Agreement,https://www.finlex.fi/en/authorities/collective-agreements/2012/21,Urheilujärjestöjä koskeva työehtosopimus,Committee for Confirming the General Applicability of Collective Agreements,26.1.2026,2/2026,20.3.2025,29.2.2028,20.3.2025,Työehtosopimus on yleissitova,Palvelualojen Työnantajat PALTA ry,Julkisten ja hyvinvointialojen liitto JHL ry,Urheilujarjestot2503.pdf,Urheilujarjestot2303.pdf,Urheilujarjestot2203.pdf,,,,,
2012,General Applicability Agreement,https://www.finlex.fi/en/authorities/collective-agreements/2012/23,Luottotieto- ja perintäalan työehtosopimus,Committee for Confirming the General Applicability of Collective Agreements,7.6.2012,23/2012,3.4.2025,29.2.2028,3.4.2025,Työehtosopimus on yleissitova,Palvelualojen työnantajat PALTA ry,Ammattiliitto PRO ry,Luottoperin2504.pdf,Luottoperin2303.pdf,Luottoperin2203.pdf,,,,,
2012,General Applicability Agreement,https://www.finlex.fi/en/authorities/collective-agreements/2012/24,Kollektivavtal för golfbranschen,Committee for Confirming the General Applicability of Collective Agreements,7.6.2012,24/2012,16.5.2025,31.1.2028,16.5.2025,Kollektivavtalet är allmänt bindande,Arbetsgivarna för servicebranscherna PALTA rf,Servicefacket PAM rf,Golf-alaStmRuotsi2505.pdf,Golf-alaStmRuotsi2304.pdf,Golf-alaStmRuotsi2203.pdf,,,,,
2012,General Applicability Agreement,https://www.finlex.fi/en/authorities/collective-agreements/2012/25,Huolinta-alan toimihenkilöiden työehtosopimus,Committee for Confirming the General Applicability of Collective Agreements,7.6.2012,25/2012,11.4.2025,31.3.2028,11.4.2025,Työehtosopimus on yleissitova,Palvelualojen työnantajat PALTA ry,Erityisalojen Toimihenkilöliitto ERTO ry,Huolinth2504.pdf,Huolinth2304.pdf,Huolinth2204.pdf,,,,,
2012,General Applicability Agreement,https://www.finlex.fi/en/authorities/collective-agreements/2012/26,Rakennusaine- ja betoniteollisuuden toimihenkilöitä koskeva työehtosopimus,Committee for Confirming the General Applicability of Collective Agreements,7.6.2012,26/2012,1.5.2025,30.4.2028,27.5.2025,Työehtosopimus on yleissitova,Rakennustuoteteollisuus RTT ry,Ammattiliitto Pro ry,Rakbeth2505.pdf,Rakbeth2305.pdf,Rakbeth2205.pdf,,,,,
2012,General Applicability Agreement,https://www.finlex.fi/en/authorities/collective-agreements/2012/29,Kollektivavtal mellan Arbetsgivarna för servicebranscherna PALTA rf och Förbundet för den offentliga sektorn och välfärdsområdena JHL rf gällande reparationsverkstäder,Committee for Confirming the General Applicability of Collective Agreements,13.9.2012,29/2012,1.2.2018,31.1.2021,30.5.2018,Kollektivavtalet är inte allmänt bindande,Arbetsgivarna för servicebranscherna PALTA rf,Förbundet för den offentliga sektorn och välfärdsområdena JHL rf,,,,,,,,
2012,General Applicability Agreement,https://www.finlex.fi/en/authorities/collective-agreements/2012/30,Palvelualojen työnantajat PALTA ry:n ja Palkansaajajärjestö Pardia ry:n välinen korjaamoalan työehtosopimus,Committee for Confirming the General Applicability of Collective Agreements,13.9.2012,30/2012,1.2.2018,31.1.2021,30.5.2018,Työehtosopimus ei ole yleissitova,Palvelualojen työnantajat PALTA ry,Palkansaajajärjestö Pardia ry,,,,,,,,
2012,General Applicability Agreement,https://www.finlex.fi/en/authorities/collective-agreements/2012/31,Kollektivavtal för arbetstagare i infrabranschen mellan Arbetsgivarna för servicebranscherna PALTA rf och Förbundet för den offentliga sektorn och välfärdsområdena JHL rf,Committee for Confirming the General Applicability of Collective Agreements,13.9.2012,31/2012,1.2.2018,31.1.2021,30.5.2018,Kollektivavtalet är inte allmänt bindande,Arbetsgivarna för servicebranscherna PALTA rf,Förbundet för den offentliga sektorn och välfärdsområdena JHL rf,,,,,,,,
2012,General Applicability Agreement,https://www.finlex.fi/en/authorities/collective-agreements/2012/33,Kemianalan toimihenkilösopimus,Committee for Confirming the General Applicability of Collective Agreements,18.10.2012,33/2012,24.2.2025,31.12.2027,6.3.2025,Työehtosopimus on yleissitova,Kemianteollisuus ry,Ammattiliitto Pro ry,Kemtoih2502.pdf,Kemtoih2302.pdf,Kemtoih2201.pdf,,,,,
2012,General Applicability Agreement,https://www.finlex.fi/en/authorities/collective-agreements/2012/39,Kollektivavtal för lagerterminal- och hamnarbetstagarna inom speditionsbranschen,Committee for Confirming the General Applicability of Collective Agreements,18.10.2012,39/2012,11.4.2025,29.2.2028,11.4.2025,Kollektivavtalet är allmänt bindande,Arbetsgivarna för servicebranscherna PALTA rf,Bil- och Transportbranschens Arbetarförbund AKT rf,HuolivarStmRuotsi2504.pdf,HuolivarStmRuotsi2303.pdf,HuolivarStmRuotsi2202.pdf,,,,,
2012,General Applicability Agreement,https://www.finlex.fi/en/authorities/collective-agreements/2012/40,Kollektivavtal för biografteatrar,Committee for Confirming the General Applicability of Collective Agreements,18.10.2012,40/2012,2.6.2025,29.2.2028,2.6.2025,Kollektivavtalet är allmänt bindande,Arbetsgivarna för servicebranscherna PALTA rf,Servicefacket PAM rf,ElokuvateatteriStmRuotsi2506.pdf,ElokuvateatteriStmRuotsi2304.pdf,ElokuvateatteriStmRuotsi2203.pdf,,,,,
2012,General Applicability Agreement,https://www.finlex.fi/en/authorities/collective-agreements/2012/41,Kiinteistöalan toimihenkilöitä koskeva työehtosopimus,Committee for Confirming the General Applicability of Collective Agreements,18.10.2012,41/2012,1.3.2025,29.2.2028,28.3.2025,Työehtosopimus on yleissitova,Kiinteistöpalvelut ry,Ammattiliitto Pro ry,Kiintth2503.pdf,Kiintth2303.pdf,Kiintth2203.pdf,,,,,
2012,General Applicability Agreement,https://www.finlex.fi/en/authorities/collective-agreements/2012/42,Ahtausalan teknisten toimihenkilöiden työehtosopimus,Committee for Confirming the General Applicability of Collective Agreements,18.10.2012,42/2012,1.6.2025,31.5.2028,17.6.2025,Työehtosopimus on yleissitova,Satamaoperaattorit ry,Ammattiliitto Pro ry,Ahtaustj2506.pdf,Ahtaustj2305.pdf,Ahtaustj2205.pdf,,,,,
2012,General Applicability Agreement,https://www.finlex.fi/en/authorities/collective-agreements/2012/43,Kollektivavtal för tjänstemän i stuveribranschen,Committee for Confirming the General Applicability of Collective Agreements,18.10.2012,43/2012,1.6.2025,31.5.2028,17.6.2025,Kollektivavtalet är allmänt bindande,Hamnoperatörerna rf,Fackförbundet Pro rf,AhtausalathStmRuotsi2506.pdf,SatamaoperaattStmRuotsi2305.pdf,SatamaoperaattStmRuotsi2205.pdf,,,,,
2012,General Applicability Agreement,https://www.finlex.fi/en/authorities/collective-agreements/2012/48,Kollektivavtal för tjänstemän i energibranschen,Committee for Confirming the General Applicability of Collective Agreements,20.12.2012,48/2012,1.3.2025,29.2.2028,4.3.2025,Kollektivavtalet är allmänt bindande,Finsk Energiindustri rf,"Fackförbundet Pro rf, Finlands Maskinbefälsförbund SKL rf, Förbundet för den offentliga sektorn och välfärdsområdena JHL rf, Teknik och Hälsa FKT rf, Offentliga och privata sektorns funktionärsförbund Jyty rf",EnergithStmRuotsi2503.pdf,EnergithStmRuotsi2303.pdf,EnergithStmRuotsi2203.pdf,,,,,
2012,General Applicability Agreement,https://www.finlex.fi/en/authorities/collective-agreements/2012/49,Kollektivavtal för arbetscentraler och arbetscentraler som har förvandlats till sociala företag,Committee for Confirming the General Applicability of Collective Agreements,20.12.2012,49/2012,11.2.2022,29.2.2024,11.2.2022,Kollektivavtalet är allmänt bindande,Arbetsgivarna för servicebranscherna PALTA rf,Förbundet för den offentliga sektorn och välfärdsområdena JHL rf,TyokeskusStmRuotsi2202.pdf,TyokeskusStmRuotsi2101.pdf,,,,,,
2013,General Applicability Agreement,https://www.finlex.fi/en/authorities/collective-agreements/2013/2,Autoalan toimihenkilöitä koskeva työehtosopimus,Committee for Confirming the General Applicability of Collective Agreements,28.2.2013,2/2013,1.12.2023,31.1.2027,29.11.2023,Työehtosopimus on yleissitova,Autoalan Keskusliitto ry,Ammattiliitto Pro ry,Autoalath2312.pdf,Autekth2201.pdf,MU35Autekth2002.pdf,,,,,
2013,General Applicability Agreement,https://www.finlex.fi/en/authorities/collective-agreements/2013/3,Sähköalan tes - Energia - ICT - Verkosto työehtosopimus,Committee for Confirming the General Applicability of Collective Agreements,28.2.2013,3/2013,1.4.2025,31.3.2028,2.5.2025,Työehtosopimus on yleissitova,"Energiateollisuus ry, Palvelualojen työnantajat PALTA ry","Sähköalojen ammattiliitto ry, Julkisten ja hyvinvointialojen liitto JHL ry",Sahkoala2504.pdf,Sahkoala2204.pdf,,,,,,
2013,General Applicability Agreement,https://www.finlex.fi/en/authorities/collective-agreements/2013/8,Lentoliikenteen toimihenkilöitä koskeva työehtosopimus,Committee for Confirming the General Applicability of Collective Agreements,28.2.2013,8/2013,1.2.2025,31.1.2028,29.1.2025,Työehtosopimus on yleissitova,Palvelualojen työnantajat PALTA ry,Ammattiliitto Pro ry,Lentoliikenneth2502.pdf,Lentoliikenneth2303.pdf,Lentoliikenneth2203.pdf,,,,,
2013,General Applicability Agreement,https://www.finlex.fi/en/authorities/collective-agreements/2013/9,Kollektivavtal för trafikundervisningsbranschen,Committee for Confirming the General Applicability of Collective Agreements,26.1.2026,3/2026,8.5.2025,31.1.2028,8.5.2025,Kollektivavtalet är inte allmänt bindande,Arbetsgivarna för servicebranscherna PALTA rf,Bil- och Transportbranschens Arbetarförbund AKT rf,,,,,,,,
2013,General Applicability Agreement,https://www.finlex.fi/en/authorities/collective-agreements/2013/10,Paperiteollisuuden toimihenkilösopimus,Committee for Confirming the General Applicability of Collective Agreements,28.2.2013,10/2013,19.2.2020,31.12.2021,19.2.2020,Työehtosopimus on yleissitova,Metsäteollisuus ry,"Ammattiliitto PRO ry, Suomen Konepäällystöliitto ry",TT56Paperth2002.pdf,TT56Paperth1801.pdf,,,,,,
2013,General Applicability Agreement,https://www.finlex.fi/en/authorities/collective-agreements/2013/13,Testaus- ja laboratorioalan työehtosopimus,Committee for Confirming the General Applicability of Collective Agreements,28.2.2013,13/2013,1.2.2018,31.1.2021,30.5.2018,Työehtosopimus ei ole yleissitova,Palvelualojen työnantajat PALTA ry,"Julkisten ja hyvinvointialojen liitto JHL ry, Palkansaajajärjestö Pardia ry, Ylemmät toimihenkilöt YTN ry",,,,,,,,
2013,General Applicability Agreement,https://www.finlex.fi/en/authorities/collective-agreements/2013/14,Kollektivavtal för tjänstemän inom den mekaniska skogsindustrin,Committee for Confirming the General Applicability of Collective Agreements,28.2.2013,14/2013,4.5.2020,28.2.2022,4.5.2020,Kollektivavtalet är allmänt bindande,Skogsindustrin rf,Fackförbundet Pro rf,TT45mekmethsruotsstmkielenk2005.pdf,TT45mekmethsruotsstmkielenk1802.pdf,,,,,,
2013,General Applicability Agreement,https://www.finlex.fi/en/authorities/collective-agreements/2013/16,Palkka- ja henkilöstöhallintoalan toimihenkilöiden työehtosopimus,Committee for Confirming the General Applicability of Collective Agreements,28.2.2013,16/2013,1.2.2018,31.1.2020,28.2.2018,Työehtosopimus ei ole yleissitova,Palvelualojen työnantajat PALTA ry,Ammattiliitto PRO ry,,,,,,,,
2013,General Applicability Agreement,https://www.finlex.fi/en/authorities/collective-agreements/2013/17,Taloushallintoalan työehtosopimus,Committee for Confirming the General Applicability of Collective Agreements,28.2.2013,17/2013,11.4.2025,30.11.2027,11.4.2025,Työehtosopimus ei ole yleissitova,Palvelualojen työnantajat PALTA ry,"Toimihenkilöliitto ERTO ry, Ammattiliitto Pro ry",,,,,,,,
2013,General Applicability Agreement,https://www.finlex.fi/en/authorities/collective-agreements/2013/18,Kollektivavtal för tjänstemän i ICT-branschen,Committee for Confirming the General Applicability of Collective Agreements,11.4.2013,18/2013,30.5.2025,31.3.2028,30.5.2025,Kollektivavtalet är allmänt bindande,Arbetsgivarna för servicebranscherna PALTA rf,Fackförbundet Pro rf,ICTalanthStmRuotsi2505.pdf,ICTalanthStmRuotsi2303.pdf,ICTalanthStmRuotsi2206.pdf,,,,,
2013,General Applicability Agreement,https://www.finlex.fi/en/authorities/collective-agreements/2013/19,Kollektivavtal för högre tjänstemän i ICT-branschen,Committee for Confirming the General Applicability of Collective Agreements,11.4.2013,19/2013,15.4.2025,31.12.2027,15.4.2025,Kollektivavtalet är allmänt bindande,Arbetsgivarna för servicebranscherna PALTA rf,De Högre Tjänstemännen YTN rf,ICTalanylthStmRuotsi2504.pdf,ICTalanylthStmRuotsi2303.pdf,ICTalanylthStmRuotsi2201.pdf,,,,,
2013,General Applicability Agreement,https://www.finlex.fi/en/authorities/collective-agreements/2013/22,Museoiden työehtosopimus,Committee for Confirming the General Applicability of Collective Agreements,11.4.2013,22/2013,8.5.2025,29.2.2028,8.5.2025,Työehtosopimus on yleissitova,Palvelualojen työnantajat PALTA ry,Akavan Erityisalat ry,Museo2505.pdf,Museo2303.pdf,Museo2203.pdf,,,,,
2013,General Applicability Agreement,https://www.finlex.fi/en/authorities/collective-agreements/2013/23,"Äänilevytuottajayhtiöiden palveluksessa olevia muusikkoja, laulajia ja kapellimestareita koskeva työehtosopimus",Committee for Confirming the General Applicability of Collective Agreements,11.4.2013,23/2013,17.4.2025,31.1.2028,17.4.2025,Työehtosopimus on yleissitova,Palvelualojen työnantajat PALTA ry,Suomen Muusikkojen Liitto ry,Aanilevytuottajat2504.pdf,Aanilevytuottajat2302.pdf,Aanilevytuottajat2202.pdf,,,,,
2013,General Applicability Agreement,https://www.finlex.fi/en/authorities/collective-agreements/2013/26,Paltan toimihenkilöitä koskeva työehtosopimus,Committee for Confirming the General Applicability of Collective Agreements,11.4.2013,26/2013,21.5.2025,29.2.2028,21.5.2025,Työehtosopimus ei ole yleissitova,Palvelualojen työnantajat PALTA ry,Ammattiliitto Pro ry,,,,,,,,
2013,General Applicability Agreement,https://www.finlex.fi/en/authorities/collective-agreements/2013/27,Kollektivavtal för tjänstemän i byggbranschen,Committee for Confirming the General Applicability of Collective Agreements,18.6.2013,27/2013,1.5.2025,30.4.2028,7.5.2025,Kollektivavtalet är allmänt bindande,"Hembyggnadsindustrin rf, Infra rf, Kattoliitto ry, Pintaurakoitsijat ry",Fackförbundet Pro rf,RakteothStmRuotsi2505.pdf,RakteothStmRuotsi2305.pdf,RakteothStmRuotsi2205.pdf,,,,,
2013,General Applicability Agreement,https://www.finlex.fi/en/authorities/collective-agreements/2013/28,Kollektivavtal för tankbil- och oljeproduktbranschen och för funktioner med anknytning till dessa,Committee for Confirming the General Applicability of Collective Agreements,18.6.2013,28/2013,26.2.2025,31.1.2028,10.3.2025,Kollektivavtalet är allmänt bindande,"Autoliikenteen Työnantajaliitto ry, Oljeprodukt rf",Auto- ja Kuljetusalan Työntekijäliitto AKT ry (Bil- och Transportbranschens Arbetarförbund AKT),OljyautStmRuotsi2502.pdf,OljyautStmRuotsi2302.pdf,TT100Oljyaut_ruots_stmkielenk2102.pdf,,,,,
2013,General Applicability Agreement,https://www.finlex.fi/en/authorities/collective-agreements/2013/30,Kenkä- ja nahkateollisuuden ja kultaseppäteollisuuden sekä harja- ja sivellinalan toimihenkilösopimus,Committee for Confirming the General Applicability of Collective Agreements,18.6.2013,30/2013,26.2.2025,31.12.2027,10.3.2025,Työehtosopimus on yleissitova,"Kemianteollisuus KT ry, Kenkä- ja Nahkateollisuus ry",Ammattiliitto Pro ry,KenNahKulHarSiv2502.pdf,KenNahKulHarSiv2302.pdf,KenNahKulHarSiv2201.pdf,,,,,
2013,General Applicability Agreement,https://www.finlex.fi/en/authorities/collective-agreements/2013/33,Matkatoimistoja koskeva työehtosopimus,Committee for Confirming the General Applicability of Collective Agreements,18.6.2013,33/2013,4.6.2025,30.4.2028,4.6.2025,Työehtosopimus on yleissitova,Palvelualojen työnantajat PALTA ry,Auto- ja Kuljetusalan Työntekijäliitto AKT ry/Matkailun ammattiliitto MAILI ry,Matkatoim2506.pdf,Matkatoim2305.pdf,Matkatoim2105.pdf,,,,,
2013,General Applicability Agreement,https://www.finlex.fi/en/authorities/collective-agreements/2013/35,Ammatillisten aikuiskoulutuskeskusten työehtosopimus,Committee for Confirming the General Applicability of Collective Agreements,18.6.2013,35/2013,9.8.2022,31.3.2024,9.8.2022,Työehtosopimus on yleissitova,Sivistystyönantajat ry,"Julkis- ja yksityisalojen toimihenkilöliitto Jyty ry, Julkisten ja hyvinvointialojen liitto JHL ry, Opetusalan Ammattijärjestö OAJ ry",Ammaikou2208.pdf,Ammaikou2004.pdf,,,,,,
2013,General Applicability Agreement,https://www.finlex.fi/en/authorities/collective-agreements/2013/36,Kaupan automiesten työehtosopimus,Committee for Confirming the General Applicability of Collective Agreements,17.10.2013,36/2013,1.3.2025,29.2.2028,8.4.2025,Työehtosopimus on yleissitova,"Kaupan liitto ry, Palvelualojen työnantajat PALTA ry",Auto- ja Kuljetusalan Työntekijäliitto AKT ry,Kaupauto2503.pdf,Kaupauto2302.pdf,Kaupauto2002.pdf,,,,,
2013,General Applicability Agreement,https://www.finlex.fi/en/authorities/collective-agreements/2013/38,Kotitalouskone- ja kodintekniikkahuoltoa sekä palveluautomaattialaa koskeva työehtosopimus,Committee for Confirming the General Applicability of Collective Agreements,17.10.2013,38/2013,2.6.2025,29.2.2028,2.6.2025,Työehtosopimus ei ole yleissitova,Palvelualojen työnantajat PALTA ry,Palvelualojen ammattiliitto PAM ry,,,,,,,,
2013,General Applicability Agreement,https://www.finlex.fi/en/authorities/collective-agreements/2013/39,Kollektivavtal för bingoanställda,Committee for Confirming the General Applicability of Collective Agreements,17.10.2013,39/2013,2.6.2025,29.2.2028,2.6.2025,Kollektivavtalet är allmänt bindande,Arbetsgivarna för servicebranscherna PALTA rf,Servicefacket PAM rf,BingoStmRuotsi2506.pdf,BingoStmRuotsi2304.pdf,BingoStmRuotsi2203.pdf,,,,,
2013,General Applicability Agreement,https://www.finlex.fi/en/authorities/collective-agreements/2013/46,Kollektivavtal för tjänstemän inom livsmedelsindustrin,Committee for Confirming the General Applicability of Collective Agreements,12.12.2013,46/2013,6.3.2025,29.2.2028,6.3.2025,Kollektivavtalet är allmänt bindande,Livsmedelsindustriförbundet rf,Fackförbundet Pro rf,ElintarvikethStmRuotsi2503.pdf,ElintarvikethStmRuotsi2303.pdf,ElintarvikethStmRuotsi2203.pdf,,,,,
2014,General Applicability Agreement,https://www.finlex.fi/en/authorities/collective-agreements/2014/1,Yrityskehitysorganisaatioiden ylempiä toimihenkilöitä koskeva työehtosopimus,Committee for Confirming the General Applicability of Collective Agreements,27.2.2014,1/2014,29.4.2025,31.1.2028,29.4.2025,Työehtosopimus ei ole yleissitova,Palvelualojen työnantajat PALTA ry,Ylemmät toimihenkilöt YTN ry,,,,,,,,
2014,General Applicability Agreement,https://www.finlex.fi/en/authorities/collective-agreements/2014/2,Kollektivavtal för danslärare,Committee for Confirming the General Applicability of Collective Agreements,27.2.2014,2/2014,2.5.2025,31.1.2028,2.5.2025,Kollektivavtalet är allmänt bindande,"Arbetsgivarna för servicebranscherna PALTA rf, Suomen Tanssioppilaitosten Liitto STOPP ry",Fackförbundet för teater och media Finland rf,TanssinopettajatStmRuotsi2505.pdf,TanssinopettajatStmRuotsi2303.pdf,TanssinopettajatStmRuotsi2202.pdf,,,,,
2014,General Applicability Agreement,https://www.finlex.fi/en/authorities/collective-agreements/2014/3,Kiinteistöpalvelualan työntekijöitä koskeva työehtosopimus,Committee for Confirming the General Applicability of Collective Agreements,27.2.2014,3/2014,1.4.2025,31.3.2028,21.5.2025,Työehtosopimus on yleissitova,Kiinteistötyönantajat ry,Palvelualojen ammattiliitto PAM ry,Kiinteist%C3%B6palveluala2504.pdf,Kiinthoi2303.pdf,Kiinthoi2203.pdf,,,,,
2014,General Applicability Agreement,https://www.finlex.fi/en/authorities/collective-agreements/2014/4,Kollektivavtal för programservicebranschen,Committee for Confirming the General Applicability of Collective Agreements,27.2.2014,4/2014,1.4.2025,31.3.2028,7.5.2025,Kollektivavtalet är allmänt bindande,Turism- och Restaurangförbundet rf,Servicefacket PAM rf,OhjelmapalveluStmRuotsi2504.pdf,OhjelmapalveluStmRuotsi2211.pdf,OhjelmapalveluStmRuotsi2111.pdf,,,,,
2014,General Applicability Agreement,https://www.finlex.fi/en/authorities/collective-agreements/2014/6,Kollektivavtal för förtullare och speditionsarbetsledare,Committee for Confirming the General Applicability of Collective Agreements,6.6.2014,6/2014,1.12.2017,30.11.2020,5.12.2017,Kollektivavtalet är allmänt bindande,Arbetsgivarna för servicebranscherna PALTA rf,Fackförbundet Pro rf,PT29Tullhuolintjruotsstmkielenk1712.pdf,PT29Tullhuolintjruotsstmkielenk1612.pdf,,,,,,
2014,General Applicability Agreement,https://www.finlex.fi/en/authorities/collective-agreements/2014/7,Urheilujärjestöjen valmentajien työehtosopimus,Committee for Confirming the General Applicability of Collective Agreements,15.9.2014,7/2014,20.3.2025,29.2.2028,17.6.2025,Työehtosopimus on yleissitova,Palvelualojen työnantajat PALTA ry,"Ylempien toimihenkilöiden neuvottelujärjestö YTN ry, Suomen ammattivalmentajat SAVAL ry",Valmentajat2503.pdf,Valmentajat2303.pdf,Valmentajat2203.pdf,,,,,
2014,General Applicability Agreement,https://www.finlex.fi/en/authorities/collective-agreements/2014/9,Lentoliikenteen palveluja koskeva työehtosopimus,Committee for Confirming the General Applicability of Collective Agreements,15.9.2014,9/2014,13.7.2025,15.1.2027,13.7.2025,Työehtosopimus on yleissitova,Palvelualojen työnantajat PALTA ry,Ilmailualan Unioni IAU ry,Lentoliikenteenpalvelu2507.pdf,Lentoliikenteenpalvelu2303.pdf,Lentoliikenteenpalvelu2003.pdf,,,,,
2014,General Applicability Agreement,https://www.finlex.fi/en/authorities/collective-agreements/2014/12,Kollektivavtal för högre tjänstemän inom arkitektplaneringsbranschen,Committee for Confirming the General Applicability of Collective Agreements,15.9.2014,12/2014,26.5.2025,31.1.2028,26.5.2025,Kollektivavtalet är allmänt bindande,"Arkitektbyråernas Förbund ATL rf, Arbetsgivarna för servicebranscherna PALTA rf",De Högre Tjänstemännen YTN rf,ArkkitehtisuunnittelualanylemthStmRuotsi2505.pdf,ArkkitehtisuunnittelualanylemthStmRuotsi2212.pdf,ArkkitehtisuunnittelualanylemthStmRuotsi2112.pdf,,,,,
2015,General Applicability Agreement,https://www.finlex.fi/en/authorities/collective-agreements/2015/6,Huolto- ja kunnossapitopalvelualan työehtosopimus ylemmille toimihenkilöille,Committee for Confirming the General Applicability of Collective Agreements,23.3.2015,6/2015,29.4.2025,31.1.2028,29.4.2025,Työehtosopimus ei ole yleissitova,Palvelualojen työnantajat PALTA ry,Ylemmät Toimihenkilöt YTN ry,,,,,,,,
2015,General Applicability Agreement,https://www.finlex.fi/en/authorities/collective-agreements/2015/8,Ulkomaanliikenteen kauppa-aluksia koskeva työehtosopimus,Committee for Confirming the General Applicability of Collective Agreements,1.6.2015,8/2015,1.3.2024,28.2.2026,9.2.2024,Työehtosopimus on yleissitova,Suomen Varustamot ry,Suomen Merimies-Unioni SMU ry,Ulkomliikkauppaaluksia2403.pdf,Liitesopimukset_2024-2026.pdf,Liitesopimukset_2021-2024.pdf,Ulkomliikkauppaaluksia2103.pdf,Ulkomliikauppaaluksia21003.pdf,,,
2015,General Applicability Agreement,https://www.finlex.fi/en/authorities/collective-agreements/2015/12,Kollektivavtal för tjänstemän i husteknikbranschen,Committee for Confirming the General Applicability of Collective Agreements,1.6.2015,12/2015,17.4.2025,29.2.2028,17.4.2025,Kollektivavtalet är allmänt bindande,"Arbetsgivarna för servicebrancherna PALTA rf, LVI –Tekniset Urakoitsijat LVI-TU ry (VVS-Tekniska Entreprenörer), Sähkötekniset työnantajat STTA ry",Fackförbundet Pro rf,TalotekthStmRuotsi2504.pdf,TalotekthStmRuotsi2303.pdf,TalotekthStmRuotsi2203.pdf,,,,,
2015,General Applicability Agreement,https://www.finlex.fi/en/authorities/collective-agreements/2015/14,Kollektivavtal för kabinpersonal,Committee for Confirming the General Applicability of Collective Agreements,1.6.2015,14/2015,1.2.2019,31.1.2022,11.4.2019,Kollektivavtalet är allmänt bindande,Arbetsgivarna för servicebrancherna PALTA rf,Fackförbundet för Kabinpersonal i Finland – SLSY rf,EK003matkustamohenkruotsstmkielenk1902.pdf,EK003matkustamohenkruotsstmkielenk1711.pdf,,,,,,
2015,General Applicability Agreement,https://www.finlex.fi/en/authorities/collective-agreements/2015/15,Kollektivavtal för tjänstemän inom snickeriindustrin,Committee for Confirming the General Applicability of Collective Agreements,7.9.2015,15/2015,1.4.2025,30.4.2028,24.3.2025,Kollektivavtalet är allmänt bindande,"Snickeriindustrin rf, Puuteollisuus ry",Fackförbundet Pro rf,PuusepthStmRuotsi2504.pdf,PuusepthStmRuotsi2304.pdf,PuusepthStmRuotsi2203.pdf,,,,,
2015,General Applicability Agreement,https://www.finlex.fi/en/authorities/collective-agreements/2015/17,Kollektivavtal för tandlaboratoriebranschen,Committee for Confirming the General Applicability of Collective Agreements,7.9.2015,17/2015,28.5.2025,31.1.2028,28.5.2025,Kollektivavtalet är allmänt bindande,Tandlaboratorieförbundet,Fackförbundet Pro rf,HammaslaboratorioalaStmRuotsi2505.pdf,HammaslaboratorioalaStmRuotsi2202.pdf,HammaslaboratorioalaStmRuotsi2002.pdf,,,,,
2015,General Applicability Agreement,https://www.finlex.fi/en/authorities/collective-agreements/2015/19,Medialiiton ja Ammattiliitto Pron välinen viestintäalan teknisiä toimihenkilöitä koskeva työehtosopimus,Committee for Confirming the General Applicability of Collective Agreements,7.9.2015,19/2015,1.3.2025,29.2.2028,14.3.2025,Työehtosopimus on yleissitova,Medialiitto ry,Ammattiliitto Pro ry,Viestth2503.pdf,Viestth2303.pdf,ViestthPaivitetty2203.pdf,Viestth2203.pdf,,,,
2015,General Applicability Agreement,https://www.finlex.fi/en/authorities/collective-agreements/2015/21,Huolto- ja kunnossapitoalan työehtosopimus,Committee for Confirming the General Applicability of Collective Agreements,14.12.2015,21/2015,1.4.2025,31.3.2028,23.5.2025,Työehtosopimus ei ole yleissitova,Palvelualojen työnantajat PALTA ry,Sähköalojen ammattiliitto ry,,,,,,,,
2017,General Applicability Agreement,https://www.finlex.fi/en/authorities/collective-agreements/2017/3,Sosiaalialan järjestöjä koskeva työehtosopimus,Committee for Confirming the General Applicability of Collective Agreements,20.3.2017,3/2017,1.5.2025,30.4.2028,8.5.2025,Työehtosopimus on yleissitova,Hyvinvointialan liitto ry,Erityisalojen Toimihenkilöliitto ERTO ry,Sosjar2505.pdf,Sosjar2306.pdf,Sosjar2206.pdf,,,,,
2017,General Applicability Agreement,https://www.finlex.fi/en/authorities/collective-agreements/2017/6,Suomen metsäkeskusta ja Metsätalouden kehittämiskeskus Tapiota koskeva työehtosopimus,Committee for Confirming the General Applicability of Collective Agreements,20.3.2017,6/2017,1.4.2014,31.1.2017,28.10.2013,Työehtosopimus ei ole yleissitova,Palvelualojen työnantajat PALTA ry,"Metsänhoitajaliitto ry, Meto-Metsäalan Asiantuntijat ry, Julkis- ja yksityisalojen toimihenkilöliitto Jyty ry",,,,,,,,
2017,General Applicability Agreement,https://www.finlex.fi/en/authorities/collective-agreements/2017/14,Kollektivavtal för meijeriernas specialutbildade och tekniska funktionärer,Committee for Confirming the General Applicability of Collective Agreements,5.6.2017,14/2017,1.4.2025,31.3.2028,2.4.2025,Kollektivavtalet är allmänt bindande,Livsmedelsindustriförbundet rf,Förbundet för Mejeritekniska Funktionärer rf,MeitekthStmRuotsi2504.pdf,MeitekthStmRuotsi2304.pdf,MeitekthStmRuotsi2203.pdf,,,,,
2017,General Applicability Agreement,https://www.finlex.fi/en/authorities/collective-agreements/2017/15,Meijerityöntekijöitä koskeva työehtosopimus,Committee for Confirming the General Applicability of Collective Agreements,5.6.2017,15/2017,14.4.2025,31.1.2028,14.4.2025,Työehtosopimus on yleissitova,Elintarviketeollisuusliitto ry,Suomen Elintarviketyöläisten Liitto SEL ry,Meijertt2504.pdf,Meijertt2302.pdf,Meijertt2102.pdf,,,,,
2017,General Applicability Agreement,https://www.finlex.fi/en/authorities/collective-agreements/2017/17,Sähköistys- ja sähköasennusalan työehtosopimus,Committee for Confirming the General Applicability of Collective Agreements,5.6.2017,17/2017,1.4.2025,31.3.2028,16.5.2025,Työehtosopimus on yleissitova,"Palvelualojen työnantajat PALTA ry, Sähkötekniset työnantajat STTA ry",Sähköalojen ammattiliitto ry,Sahkoistys2504.pdf,Sahkoistys2304.pdf,Sahkoistys2204.pdf,,,,,
2017,General Applicability Agreement,https://www.finlex.fi/en/authorities/collective-agreements/2017/18,Kollektivavtal för stuveribranchen,Committee for Confirming the General Applicability of Collective Agreements,21.8.2017,18/2017,1.3.2025,29.2.2028,7.3.2025,Kollektivavtalet är allmänt bindande,Hamnoperatörerna rf,Bil- och Transportbranschens Arbetarförbund AKT rf,AhtausStmRuotsi2503.pdf,AhtausStmRuotsi2302.pdf,AhtausStmRuotsi2202.pdf,,,,,
2017,General Applicability Agreement,https://www.finlex.fi/en/authorities/collective-agreements/2017/25,Kollektivavtal för den prehospitala akutsjukvården,Committee for Confirming the General Applicability of Collective Agreements,18.9.2017,25/2017,1.5.2024,30.4.2026,17.12.2024,Kollektivavtalet är allmänt bindande,"Hyvinvointialan liitto ry, Suomen Sairaankuljetusliitto ry",Tehy rf,EnsihoitopalvelualaStmRuotsi2405.pdf,EnsihoitopalvelualaStmRuotsi2205.pdf,EnsihoitopalvelualaStmRuotsi2005.pdf,,,,,
2017,General Applicability Agreement,https://www.finlex.fi/en/authorities/collective-agreements/2017/28,Kollektivavtal för däcksbefäl och sjukskötare i utrikestrafik,Committee for Confirming the General Applicability of Collective Agreements,13.11.2017,28/2017,1.3.2024,28.2.2026,14.3.2024,Kollektivavtalet är allmänt bindande,Rederierna i Finland rf,Finlands Skeppsbefälsförbund rf,KansipaallsairhStmRuotsi2403.pdf,KansipaallsairhStmRuotsi2303.pdf,KansipaallsairhStmRuotsi2203.pdf,KansipaallsairhStmRuotsi2103.pdf,,,,
2017,General Applicability Agreement,https://www.finlex.fi/en/authorities/collective-agreements/2017/29,Kollektivavtal för maskinbefäl i utrikestrafik,Committee for Confirming the General Applicability of Collective Agreements,13.11.2017,29/2017,1.3.2024,28.2.2026,19.2.2024,Kollektivavtalet är allmänt bindande,Rederierna i Finland rf,Finlands Maskinbefälsförbund rf,KonepaallStmRuotsi2403.pdf,Ulkomaanliikenteen_yleiset_sopimukset_StmRuotsi2024-2026.pdf,KonepaallStmRuotsi2203.pdf,Ulkomaanliikenteen_yleiset_sopimukset_StmRuotsi2022-2024.pdf,KonepaallStmRuotsi2103.pdf,Ulkomaanliikenteen_yleiset_sopimukset_StmRuotsi2021-2022.pdf,,
2017,General Applicability Agreement,https://www.finlex.fi/en/authorities/collective-agreements/2017/30,Kollektivavtal för småtonnage i utrikesfart som gäller däcksbefäl,Committee for Confirming the General Applicability of Collective Agreements,13.11.2017,30/2017,1.3.2024,28.2.2026,14.3.2024,Kollektivavtalet är allmänt bindande,Rederierna i Finland rf,Finlands Skeppsbefälsförbund rf,UlkompientonnistoKansipaallystoStmRuotsi2403.pdf,UlkompientonnistoKansipaallystoStmRuotsi2303.pdf,UlkompientonnistoKansipaallystoStmRuotsi2203.pdf,UlkompientonnistoKansipaallystoStmRuotsi2103.pdf,,,,
2017,General Applicability Agreement,https://www.finlex.fi/en/authorities/collective-agreements/2017/31,Kollektivavtal för småtonnage i utrikesfart som gäller maskinbefäl,Committee for Confirming the General Applicability of Collective Agreements,13.11.2017,31/2017,1.3.2024,28.2.2026,19.2.2024,Kollektivavtalet är allmänt bindande,Rederierna i Finland rf,Finlands Maskinbefälsförbunf rf,UlkompientonnistoKonepaallystoStmRuotsi2403.pdf,UlkompientonnistoKonepaallystoStmRuotsi2203.pdf,UlkompientonnistoKonepaallystoStmRuotsi2103.pdf,,,,,
2017,General Applicability Agreement,https://www.finlex.fi/en/authorities/collective-agreements/2017/90,Kollektivavtal gällande separat utdelning av oadresserade försändelser,Labour Court,16.6.2017,90/2017,1.1.2019,31.12.2019,31.12.2018,Kollektivavtalet är inte allmänt bindande,Suoramainonnan ja kaupunkilehtien erillisjakelun yhdistys ry,Suomen Mainosjakajien Etujärjestö ry,,,,,,,,
2018,General Applicability Agreement,https://www.finlex.fi/en/authorities/collective-agreements/2018/1,Mekaanisen metsäteollisuuden työehtosopimus,Committee for Confirming the General Applicability of Collective Agreements,6.3.2018,1/2018,23.2.2020,31.12.2021,23.2.2020,Työehtosopimus on yleissitova,Metsäteollisuus ry,"Teollisuusliitto ry, Sähköalojen ammattiliitto ry",TT46mekmets2002.pdf,TT46mekmets1801UUSI2.pdf,TT46mekmets1801.pdf,,,,,
2018,General Applicability Agreement,https://www.finlex.fi/en/authorities/collective-agreements/2018/2,Kollektivavtal för tekniska service- och underhållsuppgifter,Committee for Confirming the General Applicability of Collective Agreements,6.3.2018,2/2018,14.3.2025,30.11.2027,14.3.2025,Kollektivavtalet är inte allmänt bindande,Arbetsgivarna för servicebranscherna PALTA rf,Industrifacket rf,,,,,,,,
2018,General Applicability Agreement,https://www.finlex.fi/en/authorities/collective-agreements/2018/5,Kollektivavtal för båtbyggnadsindustrin,Committee for Confirming the General Applicability of Collective Agreements,15.5.2018,5/2018,6.3.2023,28.2.2025,4.4.2023,Kollektivavtalet är inte allmänt bindande,Båtindustrins Arbetsgivare rf,Indutrifacket rf,,,,,,,,
2018,General Applicability Agreement,https://www.finlex.fi/en/authorities/collective-agreements/2018/8,Metsäteollisuuden bioteollisuutta koskeva työehtosopimus,Committee for Confirming the General Applicability of Collective Agreements,15.5.2018,8/2018,5.3.2020,28.2.2022,5.3.2020,Työehtosopimus on yleissitova,Metsäteollisuus ry,Teollisuusliitto ry,TT94Turvet2003.pdf,TT94Turvet1802.pdf,,,,,,
2018,General Applicability Agreement,https://www.finlex.fi/en/authorities/collective-agreements/2018/9,Kollektivavtal för plastproduktindustrin och kemiproduktindustrin,Committee for Confirming the General Applicability of Collective Agreements,26.1.2026,1/2026,21.2.2025,31.12.2027,5.3.2025,Kollektivavtalet är allmänt bindande,"Kemiindustrin rf, Plastindustrin rf, Båtindustrins Arbetsgivare rf",Indutrifacket rf,MuokemtuoStmRuotsi2502.pdf,MuokemtuoStmRuotsi2302.pdf,MuokemtuoStmRuotsi2201.pdf,,,,,
2018,General Applicability Agreement,https://www.finlex.fi/en/authorities/collective-agreements/2018/10,Kollektivavtal för snickeriindustrin,Committee for Confirming the General Applicability of Collective Agreements,15.5.2018,10/2018,1.5.2025,30.4.2028,29.4.2025,Kollektivavtalet är allmänt bindande,"Snickeriindustrin rf, Puuteollisuus ry",Indutrifacket rf,PuusepteStmRuotsi2505.pdf,PuusepteStmRuotsi2304.pdf,PuusepteStmRuotsi2203.pdf,,,,,
2018,General Applicability Agreement,https://www.finlex.fi/en/authorities/collective-agreements/2018/11,Taimitarha-alan työehtosopimus,Committee for Confirming the General Applicability of Collective Agreements,15.5.2018,11/2018,1.3.2024,28.2.2026,15.3.2024,Työehtosopimus on yleissitova,Yksityismetsätalouden Työnantajat ry,Teollisuusliitto ry,Taimia2403.pdf,Taimi2403.pdf,Taimi2203.pdf,MU16taimi2001.pdf,,,,
2018,General Applicability Agreement,https://www.finlex.fi/en/authorities/collective-agreements/2018/12,"Öljy-, maakaasu- ja petrokemianteollisuutta koskeva työehtosopimus",Committee for Confirming the General Applicability of Collective Agreements,15.5.2018,12/2018,21.2.2025,31.12.2027,5.3.2025,Työehtosopimus on yleissitova,Kemianteollisuus ry,Teollisuusliitto ry,Oljpetr2502.pdf,Oljpetr2302.pdf,Oljpetr2201.pdf,,,,,
2018,General Applicability Agreement,https://www.finlex.fi/en/authorities/collective-agreements/2018/13,Kollektivavtal för ädelmetallbranschen,Committee for Confirming the General Applicability of Collective Agreements,11.6.2018,13/2018,1.3.2025,29.2.2028,19.3.2025,Kollektivavtalet är allmänt bindande,Kemiindustrin rf,Industrifacket rf,JalometStmRuotsi2503.pdf,JalometStmRuotsi2303.pdf,JalometStmRuotsi2202.pdf,,,,,
2018,General Applicability Agreement,https://www.finlex.fi/en/authorities/collective-agreements/2018/14,Kollektivavtal för borst- och penselbranscherna,Committee for Confirming the General Applicability of Collective Agreements,11.6.2018,14/2018,11.3.2025,29.2.2028,31.3.2025,Kollektivavtalet är allmänt bindande,Kemiindustrin rf,Industrifacket rf,HarjsivStmRuotsi2503.pdf,HarjsivStmRuotsi2303.pdf,HarjsivStmRuotsi2203.pdf,,,,,
2018,General Applicability Agreement,https://www.finlex.fi/en/authorities/collective-agreements/2018/15,Lasikeraamisen teollisuuden työehtosopimus,Committee for Confirming the General Applicability of Collective Agreements,11.6.2018,15/2018,26.2.2025,31.1.2028,14.3.2025,Työehtosopimus on yleissitova,Lasikeraaminen teollisuus LT ry,Teollisuusliitto ry,Lasikertyt2502.pdf,Lasikertyt2302.pdf,Lasikertyt2202.pdf,,,,,
2018,General Applicability Agreement,https://www.finlex.fi/en/authorities/collective-agreements/2018/16,Kollektivavtal för utdelning,Committee for Confirming the General Applicability of Collective Agreements,11.6.2018,16/2018,1.3.2025,29.2.2028,14.3.2025,Kollektivavtalet är inte allmänt bindande,Medieförbundet rf,Industrifacket rf,,,,,,,,
2018,General Applicability Agreement,https://www.finlex.fi/en/authorities/collective-agreements/2018/17,Kuvanvalmistamoita koskeva työehtosopimus,Committee for Confirming the General Applicability of Collective Agreements,11.6.2018,17/2018,2.6.2025,29.2.2028,2.6.2025,Työehtosopimus on yleissitova,Palvelualojen työnantajat PALTA ry,Palvelualojen ammattiliitto PAM ry,Kuvavalmistamo2506.pdf,Kuvavalmistamo2305.pdf,Kuvavalmistamo2203.pdf,,,,,
2018,General Applicability Agreement,https://www.finlex.fi/en/authorities/collective-agreements/2018/18,Kumiteollisuuden työntekijöitä koskeva työehtosopimus,Committee for Confirming the General Applicability of Collective Agreements,11.6.2018,18/2018,4.3.2025,31.1.2028,14.3.2025,Työehtosopimus on yleissitova,Kumiteollisuus ry,Teollisuusliitto ry,Kumiteol2503.pdf,Kumiteol2302.pdf,Kumiteol2202.pdf,,,,,
2018,General Applicability Agreement,https://www.finlex.fi/en/authorities/collective-agreements/2018/19,Kollektivavtal för handel och verkstadsverksamhet inom bilbranschen,Committee for Confirming the General Applicability of Collective Agreements,20.8.2018,19/2018,1.12.2023,31.1.2027,25.3.2024,Kollektivavtalet är allmänt bindande,Bilbranschens Centralförbund rf,Industrifacket rf,AutoalakauppakorjatStmRuotsi2312.pdf,AutoalakauppakorjatStmRuotsi2201.pdf,MU21autoalakauppakoyruotsstmkielenk2001.pdf,,,,,
2018,General Applicability Agreement,https://www.finlex.fi/en/authorities/collective-agreements/2018/20,Kemian perusteollisuuden työehtosopimus,Committee for Confirming the General Applicability of Collective Agreements,20.8.2018,20/2018,21.2.2025,31.12.2027,5.3.2025,Työehtosopimus on yleissitova,Kemianteollisuus ry,Teollisuusliitto ry,Kemianperus2502.pdf,Kemianperus2302.pdf,Kemianperus2201.pdf,,,,,
2018,General Applicability Agreement,https://www.finlex.fi/en/authorities/collective-agreements/2018/21,Lasikeraamisen teollisuuden sähköalan työntekijöiden työehtosopimus,Committee for Confirming the General Applicability of Collective Agreements,20.8.2018,21/2018,3.4.2025,31.1.2028,3.4.2025,Työehtosopimus ei ole yleissitova,Lasikeraaminen teollisuus LT ry,Sähköalojen ammattiliitto ry,,,,,,,,
2018,General Applicability Agreement,https://www.finlex.fi/en/authorities/collective-agreements/2018/22,Kenkä- ja nahkateollisuuden työehtosopimus,Committee for Confirming the General Applicability of Collective Agreements,20.8.2018,22/2018,1.3.2025,29.2.2028,12.3.2025,Työehtosopimus on yleissitova,"Kenkä- ja Nahkateollisuus ry, Kemianteollisuus ry",Teollisuusliitto ry,Kenknah2503.pdf,Kenknah2303.pdf,Kenknah2203.pdf,,,,,
2018,General Applicability Agreement,https://www.finlex.fi/en/authorities/collective-agreements/2018/23,Medialiiton ja Teollisuusliiton välinen media- ja painoalan työntekijöitä koskeva työehtosopimus,Committee for Confirming the General Applicability of Collective Agreements,11.10.2018,23/2018,1.3.2025,29.2.2028,14.3.2025,Työehtosopimus on yleissitova,Medialiitto ry,Teollisuusliitto ry,Mediapainoalatt2503.pdf,Mediapainoalatt2303.pdf,Mediapainoalatt2203.pdf,MediapainoalattPaivitetty2203.pdf,,,,
2018,General Applicability Agreement,https://www.finlex.fi/en/authorities/collective-agreements/2018/25,Ammattikorkeakoulujen opiskelijakuntien työehtosopimus,Committee for Confirming the General Applicability of Collective Agreements,11.10.2018,25/2018,2.5.2025,31.1.2028,2.5.2025,Työehtosopimus on yleissitova,Palvelualojen työnantajat PALTA ry,Ylemmät Toimihenkilöt YTN ry,Ammattikor2505.pdf,Ammattikor2303.pdf,Ammattikor2202.pdf,,,,,
2018,General Applicability Agreement,https://www.finlex.fi/en/authorities/collective-agreements/2018/27,Kollektivavtal för landsbygdsnäringarna,Committee for Confirming the General Applicability of Collective Agreements,11.10.2018,27/2018,1.2.2025,31.1.2028,3.3.2025,Kollektivavtalet är allmänt bindande,Landsbygdens Arbetsgivareförbund rf,Industrifacket rf,MaaseuRuotsi2502.pdf,MaaseuRuotsi2302.pdf,MaaseuRuotsi2202.pdf,,,,,
2018,General Applicability Agreement,https://www.finlex.fi/en/authorities/collective-agreements/2018/29,Rautatiealan työehtosopimus,Committee for Confirming the General Applicability of Collective Agreements,11.10.2018,29/2018,1.4.2025,31.3.2028,26.4.2025,Työehtosopimus on yleissitova,Palvelualojen työnantajat PALTA ry,Julkisten ja hyvinvointialojen liitto JHL ry,Rautatieala2504.pdf,RautatiealaKaupunkiraide2504.pdf,RautatiealaKaupunkiraide2303.pdf,Rautatieala2303.pdf,Rautatieala2203.pdf,RautatiealaKaupunkiraide2203.pdf,,
2018,General Applicability Agreement,https://www.finlex.fi/en/authorities/collective-agreements/2018/30,Seminologien ja keinosiemennysasemien työehtosopimus,Committee for Confirming the General Applicability of Collective Agreements,11.10.2018,30/2018,28.3.2025,31.1.2028,28.3.2025,Työehtosopimus on yleissitova,Palvelualojen työnantajat PALTA ry,Maataloustoimihenkilöjärjestöjen Liitto MTJL ry,Semkei2503.pdf,Semkei2303.pdf,Semkei2203.pdf,,,,,
2018,General Applicability Agreement,https://www.finlex.fi/en/authorities/collective-agreements/2018/31,Turkistuotantoalan työehtosopimus,Committee for Confirming the General Applicability of Collective Agreements,11.10.2018,31/2018,1.2.2025,31.1.2028,3.3.2025,Työehtosopimus on yleissitova,Maaseudun Työnantajaliitto MTA ry,Teollisuusliitto ry,Turkistuot2502.pdf,Turkistuot2302.pdf,Turkistuot2202.pdf,,,,,
2018,General Applicability Agreement,https://www.finlex.fi/en/authorities/collective-agreements/2018/32,Ylioppilaskuntien työehtosopimus,Committee for Confirming the General Applicability of Collective Agreements,11.10.2018,32/2018,2.5.2025,31.1.2028,2.5.2025,Työehtosopimus on yleissitova,Palvelualojen työnantajat PALTA ry,Ylemmät Toimihenkilöt YTN ry,Ylioppilas2505.pdf,Ylioppilas2303.pdf,Ylioppilas2202.pdf,,,,,
2018,General Applicability Agreement,https://www.finlex.fi/en/authorities/collective-agreements/2018/34,Kollektivavtal för plåt- och industriisoleringsbranschen,Committee for Confirming the General Applicability of Collective Agreements,11.10.2018,34/2018,7.3.2025,30.11.2027,7.3.2025,Kollektivavtalet är allmänt bindande,Metalliteollisuudenharjoittajajain Liitto - MTHL:n Työnantajat ry,Industrifacket rf,PeltierisStmRuotsi2503.pdf,PeltierisStmRuotsi2302.pdf,PeltierisStmRuotsi2201.pdf,,,,,
2018,General Applicability Agreement,https://www.finlex.fi/en/authorities/collective-agreements/2018/36,Kollektivavtal för VVS-sektorn inom husteknikbranschen,Committee for Confirming the General Applicability of Collective Agreements,23.11.2018,36/2018,1.3.2025,29.2.2028,16.5.2025,Kollektivavtalet är allmänt bindande,LVI-Tekniset Urakoitsijat LVI-TU ry,Byggnadsförbundet rf,TaloLviStmRuotsi2503.pdf,TaloLviStmRuotsi2303.pdf,TaloLviStmRuotsi2203.pdf,,,,,
2018,General Applicability Agreement,https://www.finlex.fi/en/authorities/collective-agreements/2018/37,Kollektivavtal för optiker,Committee for Confirming the General Applicability of Collective Agreements,23.11.2018,37/2018,1.4.2025,31.3.2028,1.4.2025,Kollektivavtalet är allmänt bindande,Finsk Handel rf,Tjänstemannaförbundet ERTO rf,OptikotStmRuotsi2504.pdf,OptikotStmRuotsi2304.pdf,OptikotStmRuotsi2204.pdf,,,,,
2018,General Applicability Agreement,https://www.finlex.fi/en/authorities/collective-agreements/2018/38,Kollektivavtal för kundservice- och telemarketingbranschen,Committee for Confirming the General Applicability of Collective Agreements,23.11.2018,38/2018,11.4.2025,29.2.2028,11.4.2025,Kollektivavtalet är inte allmänt bindande,Arbetsgivarna för servicebranscherna PALTA rf,Servicefacket PAM rf,,,,,,,,
2018,General Applicability Agreement,https://www.finlex.fi/en/authorities/collective-agreements/2018/40,Viher- ja ympäristörakentamisalan työehtosopimus,Committee for Confirming the General Applicability of Collective Agreements,17.12.2018,40/2018,1.2.2025,31.1.2028,3.3.2025,Työehtosopimus on yleissitova,Maaseudun Työnantajaliitto MTA ry,Teollisuusliitto ry,Viher2502.pdf,Viher2302.pdf,Viher2202.pdf,,,,,
2019,General Applicability Agreement,https://www.finlex.fi/en/authorities/collective-agreements/2019/40,Kristillisiä järjestöjä koskeva työehtosopimus,Labour Court,25.3.2019,40/2019,13.3.2025,31.1.2028,13.3.2025,Työehtosopimus on yleissitova,Palvelualojen työnantajat PALTA ry,"Kirkoan akateemiset AKI r.y., Kirkon alat ry",Kristilljarj2503.pdf,Kristilljarj2303.pdf,Kristilljarj2202.pdf,,,,,
2019,General Applicability Agreement,https://www.finlex.fi/en/authorities/collective-agreements/2019/41,Kollektivavtal för torvproduktionsbranschen,Committee for Confirming the General Applicability of Collective Agreements,29.3.2019,41/2019,1.11.2025,31.10.2027,18.12.2025,Kollektivavtalet är allmänt bindande,Maskinföretagarnas förbund rf,Indutrifacket rf,TurveStmRuotsi2511.pdf,TurveStmRuotsi2311.pdf,TurveStmRuotsi2111.pdf,,,,,
2019,General Applicability Agreement,https://www.finlex.fi/en/authorities/collective-agreements/2019/42,Kollektivavtal för textilservicebranschen,Committee for Confirming the General Applicability of Collective Agreements,23.2.2026,4/2026,11.3.2025,31.1.2028,11.3.2025,Kollektivavtalet är allmänt bindande,"Arbetsgivarna för servicebranscherna PALTA rf, Tekstiilihuoltoliitto ry",Industrifacket rf,TekstiilihuoltoalaStmRuotsi2503.pdf,PesuteStmRuotsi2302.pdf,PesuteStmRuotsi2202.pdf,,,,,
2019,General Applicability Agreement,https://www.finlex.fi/en/authorities/collective-agreements/2019/43,Kollektivavtal för textil- och modebranchen,Committee for Confirming the General Applicability of Collective Agreements,29.3.2019,43/2019,21.3.2025,29.2.2028,21.3.2025,Kollektivavtalet är allmänt bindande,Suomen Tekstiili- ja Muoti ry,Industrifacket rf,TekstiilijamuotitytStmRuotsi2503.pdf,TekstiilijamuotitytStmRuotsi2303.pdf,TekstiilijamuotitytStmRuotsi2201.pdf,,,,,
2019,General Applicability Agreement,https://www.finlex.fi/en/authorities/collective-agreements/2019/45,Kollektivavtal för flyttservicebranschen,Committee for Confirming the General Applicability of Collective Agreements,13.5.2019,45/2019,2.6.2025,29.2.2028,2.6.2025,Kollektivavtalet är inte allmänt bindande,Arbetsgivarna för servicebranscherna PALTA rf,Servicefacket PAM rf,,,,,,,,
2019,General Applicability Agreement,https://www.finlex.fi/en/authorities/collective-agreements/2019/46,Puutarha-alan työehtosopimus,Committee for Confirming the General Applicability of Collective Agreements,13.5.2019,46/2019,1.2.2025,31.1.2028,3.3.2025,Työehtosopimus on yleissitova,Maaseudun Työnantajaliitto MTA ry,Teollisuusliitto ry,Puutarha2502.pdf,Puutarha2302.pdf,Puutarha2202.pdf,,,,,
2019,General Applicability Agreement,https://www.finlex.fi/en/authorities/collective-agreements/2019/48,Kollektivavtal för utskriftsbranschen,Committee for Confirming the General Applicability of Collective Agreements,19.8.2019,48/2019,1.3.2018,29.2.2020,22.12.2018,Kollektivavtalet är allmänt bindande,Arbetsgivarna för servicebranscherna PALTA rf,Servicefacket PAM rf,TT127Kopruotsstmkielenk1803.pdf,TT127Kopruotsstmkielenk1702.pdf,,,,,,
2019,General Applicability Agreement,https://www.finlex.fi/en/authorities/collective-agreements/2019/49,Autonrengasalan työehtosopimus,Committee for Confirming the General Applicability of Collective Agreements,19.8.2019,49/2019,14.3.2025,31.1.2028,14.3.2025,Työehtosopimus on yleissitova,Autonrengasliitto ry,Teollisuusliitto ry,Aureng2503.pdf,Aureng2303.pdf,Aureng2202.pdf,,,,,
2019,General Applicability Agreement,https://www.finlex.fi/en/authorities/collective-agreements/2019/50,Tekstiilihuoltoalan toimihenkilöitä koskeva työehtosopimus,Committee for Confirming the General Applicability of Collective Agreements,9.12.2019,50/2019,17.3.2025,31.12.2027,17.3.2025,Työehtosopimus on yleissitova,"Tekstiilihuoltoliitto ry, Yhteinen Toimialaliitto ry",Ammattiliitto Pro,Teksthuoltoth2503.pdf,Teksthuoltoth12302.pdf,Teksthuoltoth22302.pdf,Teksthuoltoth2201.pdf,EK004teksthuoltoth2002.pdf,,,
2019,General Applicability Agreement,https://www.finlex.fi/en/authorities/collective-agreements/2019/51,Bioenergiateollisuuden palveluyritysten työehtosopimus,Committee for Confirming the General Applicability of Collective Agreements,9.12.2019,51/2019,1.11.2020,31.10.2021,27.5.2019,Työehtosopimus ei ole yleissitova,Palvelualojen työnantajat PALTA ry,Teollisuusliitto ry,,,,,,,,
2020,General Applicability Agreement,https://www.finlex.fi/en/authorities/collective-agreements/2020/2,Medialiiton ja Teollisuusliiton välinen suorajakelua koskeva työehtosopimus,Committee for Confirming the General Applicability of Collective Agreements,20.4.2020,2/2020,1.3.2025,29.2.2028,14.3.2025,Työehtosopimus ei ole yleissitova,Medialiitto ry,Teollisuusliitto ry,,,,,,,,
2020,General Applicability Agreement,https://www.finlex.fi/en/authorities/collective-agreements/2020/3,Avaintyönantajat AVAINTA ry:n ja Suomen Muusikkojen liitto ry:n välinen työehtosopimus,Committee for Confirming the General Applicability of Collective Agreements,20.4.2020,3/2020,1.2.2018,31.3.2020,27.4.2018,Työehtosopimus ei ole yleissitova,Avaintyönantajat AVAINTA ry,Suomen Muusikkojen Liitto ry,,,,,,,,
2020,General Applicability Agreement,https://www.finlex.fi/en/authorities/collective-agreements/2020/6,Metsänhoitoyhdistysten toimihenkilöitä koskeva työehtosopimus,Committee for Confirming the General Applicability of Collective Agreements,8.5.2020,6/2020,1.3.2026,29.2.2028,19.2.2026,Työehtosopimus on yleissitova,Yksityismetsätalouden Työnantajat ry,METO - Metsäalan Asiantuntijat ry,Metstoi2603.pdf,Metstoi2403.pdf,Metstoih2403.pdf,Metstoih2203.pdf,MU14Metstoih2003.pdf,,,
2020,General Applicability Agreement,https://www.finlex.fi/en/authorities/collective-agreements/2020/7,Neuvonta-alan runkosopimus,Committee for Confirming the General Applicability of Collective Agreements,14.9.2020,7/2020,11.4.2025,31.1.2028,11.4.2025,Työehtosopimus on yleissitova,Palvelualojen työnantajat PALTA ry,"Agronomiliitto ry, Julkis- ja yksityisalojen toimihenkilöliitto Jyty ry, Julkisten ja hyvinvointialojen liitto JHL ry, Ammattiliitto Pro ry",Neuvonta2504.pdf,Neuvonta2302.pdf,Neuvonta2202.pdf,,,,,
2020,General Applicability Agreement,https://www.finlex.fi/en/authorities/collective-agreements/2020/8,Kollektivavtal för lokmannauppgifter inom järnvägstrafiken,Committee for Confirming the General Applicability of Collective Agreements,14.9.2020,8/2020,1.4.2025,31.3.2028,4.4.2025,Kollektivavtalet är allmänt bindande,Arbetsgivarna för servicebranscherna PALTA rf,Järnvägsbranschens Union RAU rf,VeturiStmRuotsi2504.pdf,VeturiStmRuotsi2303.pdf,VeturiStmRuotsi2203.pdf,,,,,
2020,General Applicability Agreement,https://www.finlex.fi/en/authorities/collective-agreements/2020/11,Kollektivavtal för kommunikationsförmedlings- och logistikbranschen,Committee for Confirming the General Applicability of Collective Agreements,14.9.2020,11/2020,1.11.2025,31.10.2028,6.11.2025,Kollektivavtalet är allmänt bindande,Arbetsgivarna för servicebranscherna PALTA rf,Post- och logistikbranschernas union PAU rf,PostiStmRuotsi2111.pdf,TT60Postiruotsstmkielenk1911.pdf,,,,,,
2020,General Applicability Agreement,https://www.finlex.fi/en/authorities/collective-agreements/2020/13,Kollektivavtal för inspektionsbranschen,Committee for Confirming the General Applicability of Collective Agreements,19.10.2020,13/2020,19.3.2025,29.2.2028,19.3.2025,Kollektivavtalet är inte allmänt bindande,Arbetsgivarna för servicebranscherna PALTA rf,"Fackförbundet Pro rf, De Högre Tjänstemännen YTN rf",,,,,,,,
2020,General Applicability Agreement,https://www.finlex.fi/en/authorities/collective-agreements/2020/14,Kollektivavtal för tjänstemän mellan Medieförbundet och Industrifacket samt Viestintäalan toimihenkilöt Grafinet ry,Committee for Confirming the General Applicability of Collective Agreements,19.10.2020,14/2020,1.3.2023,28.2.2025,27.2.2023,Kollektivavtalet är inte allmänt bindande,Medieförbundet rf,Industrifacket rf / Viestintäalan toimihenkilöt Grafinet ry,,,,,,,,Detta beslut ersätts av beslut 5/2025 av den 6 oktober 2025. (Kollektivavtal för tjänstemän mellan Medieförbundet och Fackförbundet Pro samt tjänstemännen inom kommunikationsbranschen Grafinet rf)
2020,General Applicability Agreement,https://www.finlex.fi/en/authorities/collective-agreements/2020/15,"Asiakaspalvelua, liikenteenhoitoa ja -ohjausta sekä hallinnollisia ja muita toimistotehtäviä koskeva työehtosopimus",Committee for Confirming the General Applicability of Collective Agreements,16.11.2020,15/2020,1.4.2025,31.3.2028,4.4.2025,Työehtosopimus on yleissitova,Palvelualojen työnantajat PALTA ry,Rautatiealan Unioni RAU ry,Asiakaspalvelu2504.pdf,VRasiakaspalvelu2303.pdf,VRasiakaspalvelu2203.pdf,,,,,
2020,General Applicability Agreement,https://www.finlex.fi/en/authorities/collective-agreements/2020/16,"Lasitus-, rakennuslasitus- ja lasinjalostusalan työehtosopimus",Committee for Confirming the General Applicability of Collective Agreements,16.11.2020,16/2020,10.3.2025,31.1.2029,29.5.2025,Työehtosopimus on yleissitova,Suomen Tasolasiyhdistys ry,Teollisuusliitto ry,Lasitus2503.pdf,Lasitus22302.pdf,Lasitus12302.pdf,Lasitus2002.pdf,MU41lasitus1712.pdf,,,
2020,General Applicability Agreement,https://www.finlex.fi/en/authorities/collective-agreements/2020/17,Partiotyönantajia koskeva työehtosopimus,Committee for Confirming the General Applicability of Collective Agreements,16.11.2020,17/2020,1.2.2025,31.1.2028,21.3.2025,Työehtosopimus on yleissitova,Palvelualojen työnantajat PALTA ry,Ammattiliitto Jyty ry,Partio2502.pdf,Partio2303.pdf,Partio2202.pdf,,,,,
2020,General Applicability Agreement,https://www.finlex.fi/en/authorities/collective-agreements/2020/18,Terveyspalvelualan työehtosopimus,Committee for Confirming the General Applicability of Collective Agreements,16.11.2020,18/2020,1.5.2024,30.4.2026,10.6.2024,Työehtosopimus on yleissitova,Hyvinvointiala HALI ry,Sosiaali- ja terveysalan neuvottelujärjestö Sote ry,TervpalSote2405.pdf,TervpalSote2205.pdf,TervpalSote2004.pdf,,,,,
2020,General Applicability Agreement,https://www.finlex.fi/en/authorities/collective-agreements/2020/19,Kollektivavtal för den privata socialservicebranschen,Committee for Confirming the General Applicability of Collective Agreements,16.11.2020,19/2020,1.5.2023,31.12.2025,8.6.2023,Kollektivavtalet är allmänt bindande,Hyvinvointiala HALI ry,"Social- och hälsovårdens förhandlingsorganisation Sote rf, Förbundet för den offentliga sektorn och välfärdsområdena JHL rf, Fackorganisationen för högutbildade inom socialbranschen Talentia rf, Sosiaalipalvelualan allianssi Salli ry",YksosalaStmRuotsi2305.pdf,YksosalaStmRuotsi2205.pdf,,,,,,
2020,General Applicability Agreement,https://www.finlex.fi/en/authorities/collective-agreements/2020/20,Rautatiealan toimihenkilöitä koskeva työehtosopimus,Committee for Confirming the General Applicability of Collective Agreements,16.11.2020,20/2020,7.4.2025,31.3.2028,11.4.2025,Työehtosopimus ei ole yleissitova,Palvelualojen työnantajat PALTA ry,"Raideliikenteen esihenkilöt ja asiantuntijat ry, Raideliikenteen Teknisten ja Toimihenkilöiden Liitto RTTL ry",,,,,,,,
2021,General Applicability Agreement,https://www.finlex.fi/en/authorities/collective-agreements/2021/1,Arctia konsernin kansi- ja konemiehistöä sekä taloushenkilökuntaa koskeva työehtosopimus,Committee for Confirming the General Applicability of Collective Agreements,25.1.2021,1/2021,1.3.2019,28.2.2021,25.2.2019,Työehtosopimus ei ole yleissitova,Suomen Varustamot ry,Suomen Merimies-Unioni SMU ry,,,,,,,,
2021,General Applicability Agreement,https://www.finlex.fi/en/authorities/collective-agreements/2021/2,Arctia-konsernin konventionaalisten jäänmurtajien konepäällystöä koskeva työehtosopimus,Committee for Confirming the General Applicability of Collective Agreements,25.1.2021,2/2021,1.3.2019,28.2.2021,4.3.2019,Työehtosopimus ei ole yleissitova,Suomen Varustamot ry,Suomen Konepäällystöliitto ry,,,,,,,,
2021,General Applicability Agreement,https://www.finlex.fi/en/authorities/collective-agreements/2021/3,Arctia-konsernin monitoimimurtajien konepäällystöä koskeva työehtosopimus,Committee for Confirming the General Applicability of Collective Agreements,25.1.2021,3/2021,1.3.2019,28.2.2021,4.3.2019,Työehtosopimus ei ole yleissitova,Suomen Varustamot ry,Suomen Konepäällystöliitto ry,,,,,,,,
2021,General Applicability Agreement,https://www.finlex.fi/en/authorities/collective-agreements/2021/4,Lasikeraamisen teollisuuden toimihenkilösopimus,Committee for Confirming the General Applicability of Collective Agreements,25.1.2021,4/2021,26.2.2025,31.12.2027,10.3.2025,Työehtosopimus on yleissitova,"Lasikeraaminen teollisuus LT ry, Suomen Tasolasiyhdistys ry",Ammattiliitto Pro ry,Lasiketh2502.pdf,Lasiketh2302.pdf,Lasiketh2201.pdf,,,,,
2021,General Applicability Agreement,https://www.finlex.fi/en/authorities/collective-agreements/2021/5,Yliopistojen yleinen työehtosopimus,Committee for Confirming the General Applicability of Collective Agreements,1.3.2021,5/2021,21.5.2025,31.3.2028,21.5.2025,Työehtosopimus on yleissitova,Sivistystyönantajat ry,"Julkisalan koulutettujen neuvottelujärjestö JUKO ry, Julkisten ja hyvinvointialojen liitto JHL ry, Ammattiliitto Pro ry",YliopistoHarjoittelukoulut2505.pdf,Yliopisto2505.pdf,Yliopisto2304.pdf,YliopistoHarjoittelukoulut2304.pdf,Yliopisto2208.pdf,Yliopisto2204.pdf,YliopistoHarjoittelukoulut2204.pdf,
2021,General Applicability Agreement,https://www.finlex.fi/en/authorities/collective-agreements/2021/6,Avaintyönantajat AVAINTA ry:n ja Sosiaali- ja terveysalan neuvottelujärjestö SOTE ry:n työehtosopimus,Committee for Confirming the General Applicability of Collective Agreements,15.3.2021,6/2021,1.4.2020,28.2.2022,1.4.2020,Työehtosopimus ei ole yleissitova,Avaintyönantajat AVAINTA ry,Sosiaali- ja terveysalan neuvottelujärjestö SOTE ry,,,,,,,,
2021,General Applicability Agreement,https://www.finlex.fi/en/authorities/collective-agreements/2021/7,Avaintyönantajat AVAINTA ry:n työehtosopimus,Committee for Confirming the General Applicability of Collective Agreements,15.3.2021,7/2021,1.4.2020,28.2.2022,1.4.2020,Työehtosopimus ei ole yleissitova,Avaintyönantajat AVAINTA ry,"Julkisalan Koulutettujen Neuvottelujärjestö JUKO ry, Julkis- ja yksityisalojen toimihenkilöliitto Jyty ry, Julkisten ja hyvinvointialojen liitto JHL ry, Opetusalan Ammattijärjestö OAJ ry, Tekniikka ja Terveys KTN ry",,,,,,,,
2021,General Applicability Agreement,https://www.finlex.fi/en/authorities/collective-agreements/2021/8,AVAINTA Arbetsgivarna rf:s kollektivavtal för undervisningssektorn,Committee for Confirming the General Applicability of Collective Agreements,15.3.2021,8/2021,1.4.2020,28.2.2022,1.4.2020,Kollektivavtalet är inte allmänt bindande,AVAINTA Arbetsgivarna rf,Undervisningssektorns Fackorganisation rf,,,,,,,,
2021,General Applicability Agreement,https://www.finlex.fi/en/authorities/collective-agreements/2021/10,Kollektivavtal för tjänstemän inom den privata laboratoriebranschen,Committee for Confirming the General Applicability of Collective Agreements,12.4.2021,10/2021,25.4.2025,29.2.2028,25.4.2025,Kollektivavtalet är inte allmänt bindande,Arbetsgivarna för servicebranscherna PALTA rf,"Fackförbundet Pro rf, De Högre Tjänstemännen YTN rf",,,,,,,,
2021,General Applicability Agreement,https://www.finlex.fi/en/authorities/collective-agreements/2021/14,Urheiluseuroja koskeva liityntäpöytäkirja,Committee for Confirming the General Applicability of Collective Agreements,23.8.2021,14/2021,20.3.2025,29.2.2028,20.3.2025,Työehtosopimus ei ole yleissitova,Palvelualojen työnantajat PALTA ry,Julkisten ja hyvinvointialojen liitto JHL ry,,,,,,,,
2022,General Applicability Agreement,https://www.finlex.fi/en/authorities/collective-agreements/2022/2,Malmikaivosten työehtosopimus,Committee for Confirming the General Applicability of Collective Agreements,9.5.2022,2/2022,22.2.2025,30.11.2027,22.2.2025,Työehtosopimus on yleissitova,Teknologiateollisuuden työnantajat ry,Teollisuusliitto ry,Malkaiv2502.pdf,Malkaiv2302.pdf,Malkaiv2201.pdf,,,,,
2022,General Applicability Agreement,https://www.finlex.fi/en/authorities/collective-agreements/2022/3,Kollektivavtal för arbetstagare inom teknologiindustrin,Committee for Confirming the General Applicability of Collective Agreements,9.5.2022,3/2022,22.2.2025,30.11.2027,22.2.2025,Kollektivavtalet är allmänt bindande,Teknologiindustrins arbetsgivare rf,Industrifacket rf,TekRuotsi2502.pdf,TekRuotsi2302.pdf,TekRuotsi2201.pdf,,,,,
2022,General Applicability Agreement,https://www.finlex.fi/en/authorities/collective-agreements/2022/4,Kollektivavtal för tjänstemän inom teknologiindustrin,Committee for Confirming the General Applicability of Collective Agreements,9.5.2022,4/2022,24.2.2025,30.11.2027,24.2.2025,Kollektivavtalet är allmänt bindande,Teknologiindustrins arbetsgivare rf,Fackförbundet Pro rf,TektoimhStmRuotsi2502.pdf,TektoimhStmRuotsi2302.pdf,TektoimhStmRuotsi2201.pdf,,,,,
2022,General Applicability Agreement,https://www.finlex.fi/en/authorities/collective-agreements/2022/5,Teknologiateollisuuden ylempien toimihenkilöiden työehtosopimus,Committee for Confirming the General Applicability of Collective Agreements,9.5.2022,5/2022,8.4.2025,30.11.2027,8.4.2025,Työehtosopimus on yleissitova,Teknologiateollisuuden työnantajat ry,Ylemmät Toimihenkilöt YTN ry,Tekylth2504.pdf,Tekylth2302.pdf,Tekylth2201.pdf,,,,,
2022,General Applicability Agreement,https://www.finlex.fi/en/authorities/collective-agreements/2022/6,Tietotekniikan palvelualan työehtosopimus,Committee for Confirming the General Applicability of Collective Agreements,9.5.2022,6/2022,8.4.2025,30.11.2027,8.4.2025,Työehtosopimus ei ole yleissitova,Teknologiateollisuuden työnantajat ry,"Ylemmät Toimihenkilöt YTN ry, Tietoala ry",,,,,,,,
2022,General Applicability Agreement,https://www.finlex.fi/en/authorities/collective-agreements/2022/7,Kollektivavtal för tjänstemän inom timmerhusindustrin,Committee for Confirming the General Applicability of Collective Agreements,6.6.2022,7/2022,1.3.2024,31.5.2026,20.2.2024,Kollektivavtalet är allmänt bindande,Puuteollisuusyrittäjät ry,Fackförbundet Pro rf,HirsitalothStmRuotsi2403.pdf,HirsitalothStmRuotsi2203.pdf,,,,,,,
2022,General Applicability Agreement,https://www.finlex.fi/en/authorities/collective-agreements/2022/8,Hirsitaloteollisuuden työehtosopimus,Committee for Confirming the General Applicability of Collective Agreements,6.6.2022,8/2022,1.3.2024,31.5.2026,21.2.2024,Työehtosopimus on yleissitova,Puuteollisuusyrittäjät ry,Teollisuusliitto ry,Hirsitalo2403.pdf,Hirsitalo2203.pdf,,,,,,,
2022,General Applicability Agreement,https://www.finlex.fi/en/authorities/collective-agreements/2022/9,Metsäalan työehtosopimus,Committee for Confirming the General Applicability of Collective Agreements,6.6.2022,9/2022,1.2.2024,31.1.2026,26.4.2024,Työehtosopimus on yleissitova,"Maaseudun Työnantajaliitto MTA ry, Metsähallitus, Metsäpalvelutyönantajat ry, Yksityismetsätalouden Työnantajat ry",Teollisuusliitto ry,Metsaa2402.pdf,Metsa2402.pdf,Metsa2202.pdf,TT51Metsa2002.pdf,,,,
2022,General Applicability Agreement,https://www.finlex.fi/en/authorities/collective-agreements/2022/12,Kollektivavtal för tjänstemän I planerings- och konsultbranschen,Committee for Confirming the General Applicability of Collective Agreements,15.8.2022,12/2022,29.3.2025,30.11.2027,29.3.2025,Kollektivavtalet är allmänt bindande,Teknologiindustrins arbetsgivare rf,Fackförbundet Pro rf,SukonsthStmRuotsi2503..pdf,SukonsthStmRuotsi2302.pdf,SukonsthStmRuotsi2201.pdf,,,,,
2022,General Applicability Agreement,https://www.finlex.fi/en/authorities/collective-agreements/2022/13,Suunnittelu- ja konsulttialan ylempien toimihenkilöiden työehtosopimus,Committee for Confirming the General Applicability of Collective Agreements,15.8.2022,13/2022,8.4.2025,30.11.2027,8.4.2025,Työehtosopimus on yleissitova,Teknologiateollisuuden työnantajat ry,Ylemmät Toimihenkilöt YTN ry,Sukonsyth2504.pdf,Sukonsyth2302.pdf,Sukonsyth2201.pdf,,,,,
2022,General Applicability Agreement,https://www.finlex.fi/en/authorities/collective-agreements/2022/14,Kollektivavtal för tjänstemän i textil- och modelbranchen,Committee for Confirming the General Applicability of Collective Agreements,12.9.2022,14/2022,14.3.2025,29.2.2028,14.3.2025,Kollektivavtalet är allmänt bindande,Suomen Tekstiili ja Muoti ry,Fackförbundet Pro rf,TekstiilijamuotithStmRuotsi2503.pdf,TekstiilijamuotithStmRuotsi2304.pdf,TekstiilijamuotithStmRuotsi2202.pdf,,,,,
2022,General Applicability Agreement,https://www.finlex.fi/en/authorities/collective-agreements/2022/15,Yksityisen opetusalan työehtosopimus,Committee for Confirming the General Applicability of Collective Agreements,12.12.2022,15/2022,9.8.2022,31.3.2024,9.8.2022,Työehtosopimus on yleissitova,Sivistystyönantajat ry,"Ammattiliitto Jyty ry, Julkisten ja hyvinvointialojen liitto JHL ry, Opetusalan Ammattijärjestö OAJ ry",Yope2208.pdf,Yope2004.pdf,,,,,,
2022,General Applicability Agreement,https://www.finlex.fi/en/authorities/collective-agreements/2022/16,Kaupan työehtosopimus,Committee for Confirming the General Applicability of Collective Agreements,12.12.2022,16/2022,1.2.2025,31.1.2028,5.3.2025,Työehtosopimus on yleissitova,Kaupan liitto ry,Palvelualojen ammattiliitto PAM ry,Kaupan2502.pdf,Kaupan2302.pdf,Kaupan2202.pdf,,,,,
2022,General Applicability Agreement,https://www.finlex.fi/en/authorities/collective-agreements/2022/17,Kollektivavtal för chefer inom detaljhandeln,Committee for Confirming the General Applicability of Collective Agreements,12.12.2022,17/2022,1.2.2025,31.1.2028,5.3.2025,Kollektivavtalet är allmänt bindande,Finsk Handel rf,"Kaupanalan Esimiesliitto ry, Servicefacket PAM rf",VahkauesStmRuotsi2502.pdf,VahkauesStmRuotsi2302.pdf,VahkauesStmRuotsi2202.pdf,,,,,
2023,General Applicability Agreement,https://www.finlex.fi/en/authorities/collective-agreements/2023/1,Terveyspalvelualan työehtosopimus (Unioni),Committee for Confirming the General Applicability of Collective Agreements,30.1.2023,1/2023,1.5.2024,30.4.2026,10.6.2024,Työehtosopimus ei ole yleissitova,Hyvinvointiala HALI ry,Terveyspalvelualan Unioni ry,,,,,,,,
2023,General Applicability Agreement,https://www.finlex.fi/en/authorities/collective-agreements/2023/3,Rahoitusalan siivoojia koskeva työehtosopimus,Committee for Confirming the General Applicability of Collective Agreements,27.3.2023,3/2023,28.3.2025,29.2.2028,28.3.2025,Työehtosopimus on yleissitova,Palvelualojen työnantajat PALTA ry,Ammattiliitto Pro ry,Rahoitussiivooja2503.pdf,Rahoitussiivooja2303.pdf,Rahoitussiivooja2203.pdf,,,,,
2023,General Applicability Agreement,https://www.finlex.fi/en/authorities/collective-agreements/2023/4,Teaterkollektivavtal för skådespelare,Committee for Confirming the General Applicability of Collective Agreements,5.6.2023,4/2023,2.4.2025,29.2.2028,2.4.2025,Kollektivavtalet är allmänt bindande,Suomen Teatterit - Finlands Teatrar ry,Suomen Näyttelijäliitto - Finlands Skådespelarförbund ry,NayttelijatStmRuotsi2504.pdf,NayttelijatStmRuotsi2402.pdf,NayttelijatStmRuotsi2303.pdf,NayttelijatStmRuotsi2204.pdf,,,,
2023,General Applicability Agreement,https://www.finlex.fi/en/authorities/collective-agreements/2023/5,Kollektivavtal för film- och tv-produktionen,Committee for Confirming the General Applicability of Collective Agreements,5.6.2023,5/2023,13.3.2025,31.1.2028,13.3.2025,Kollektivavtalet är allmänt bindande,Arbetsgivarna för servicebrancherna PALTA rf,"Finlands Journalistförbund rf, Fackförbundet för Teater och Media Finland (Teme)",ElokuvaTVtuotantoStmRuotsi2503.pdf,ElokuvaTVtuotantoStmRuotsi2303.pdf,,,,,,
2023,General Applicability Agreement,https://www.finlex.fi/en/authorities/collective-agreements/2023/6,Kollektivavtal för tjänstemän inom skogsmaskinbranschen,Committee for Confirming the General Applicability of Collective Agreements,15.8.2023,6/2023,1.6.2025,31.5.2027,26.6.2025,Kollektivavtalet är allmänt bindande,Koneyrittäjät ry,METO – Skogsbranschens Experter rf,MetskonthStmRuotsi2506.pdf,MetskonthStmRuotsi2305.pdf,,,,,,
2023,General Applicability Agreement,https://www.finlex.fi/en/authorities/collective-agreements/2023/7,Vakuutusalan työehto- ja palkkasopimukset,Committee for Confirming the General Applicability of Collective Agreements,25.10.2023,7/2023,1.2.2025,31.1.2028,28.3.2025,Työehtosopimus on yleissitova,Palvelualojen työnantajat PALTA ry,Ammattiliitto Pro ry,Vakuut2502.pdf,Vakuut2303.pdf,Vakuut2202.pdf,,,,,
2023,General Applicability Agreement,https://www.finlex.fi/en/authorities/collective-agreements/2023/8,Kollektivavtal för chefer inom logistik inom handeln,Committee for Confirming the General Applicability of Collective Agreements,14.12.2023,8/2023,1.2.2025,31.1.2028,5.3.2025,Kollektivavtalet är allmänt bindande,Finsk Handel rf,Servicefacket PAM rf,KaulogisStmRuotsi2502.pdf,KaulogisStmRuotsi2302.pdf,VarkuljStmRuotsi2202.pdf,,,,,
2024,General Applicability Agreement,https://www.finlex.fi/en/authorities/collective-agreements/2024/2,Ammattikorkeakoulujen työehtosopimus,Committee for Confirming the General Applicability of Collective Agreements,6.5.2024,2/2024,1.4.2024,31.3.2026,29.2.2024,Työehtosopimus on yleissitova,Sivistysala ry,"Opetusalan Ammattijärjestö OAJ ry, Ylemmät Toimihenkilöt YTN ry",Ammattikorkeakouluj2404.pdf,Ammattikorkeakoulu2404.pdf,,,,,,
2024,General Applicability Agreement,https://www.finlex.fi/en/authorities/collective-agreements/2024/3,Kollektivavtal för skogsmaskinbranschen,Committee for Confirming the General Applicability of Collective Agreements,6.5.2024,3/2024,1.2.2026,31.1.2028,27.3.2026,Kollektivavtalet är allmänt bindande,Koneyrittäjät ry,Indutrifacket rf,MetskonStmRuotsi2402.pdf,MetskonStmRuotsi2202.pdf,MU23Metskonruotsstmkielenk2002.pdf,,,,,
2024,General Applicability Agreement,https://www.finlex.fi/en/authorities/collective-agreements/2024/4,Kollektivavtal för hamnbranchen,Committee for Confirming the General Applicability of Collective Agreements,6.5.2024,4/2024,4.4.2023,31.3.2025,4.4.2023,Kollektivavtalet är allmänt bindande,Arbetsgivarna för servicebranscherna PALTA rf,"Förbundet för den offentliga sektorn och välfärdsområdena JHL rf, Unionen för hamnar och vattenleder rf",SatamaStmRuotsi2304.pdf,SatamaStmRuotsi2204.pdf,SatamaStmRuotsi2003Uusiversio.pdf,,,,,
2024,General Applicability Agreement,https://www.finlex.fi/en/authorities/collective-agreements/2024/5,"Huvi-, teema- ja elämyspuistoja koskeva työehtosopimus",Committee for Confirming the General Applicability of Collective Agreements,6.5.2024,5/2024,1.4.2025,31.3.2028,7.5.2025,Työehtosopimus on yleissitova,Matkailu- ja Ravintolapalvelut Mara ry,Palvelualojen ammattiliitto PAM ry,Huvipuisto2504.pdf,Huvipuisto2304.pdf,Liite4.pdf,Huvipuisto2204.pdf,HuvipuistoUusi2010.pdf,,,
2024,General Applicability Agreement,https://www.finlex.fi/en/authorities/collective-agreements/2024/6,Rahoitusalan työehtosopimus,Committee for Confirming the General Applicability of Collective Agreements,17.6.2024,6/2024,28.3.2025,29.2.2028,28.3.2025,Työehtosopimus on yleissitova,Palvelualojen työnantajat PALTA ry,"Ammattiliitto Pro ry, Ylemmät Toimihenkilöt YTN ry",Rahoitus2503.pdf,Rahoitus2303.pdf,Rahoitus2203.pdf,,,,,
2024,General Applicability Agreement,https://www.finlex.fi/en/authorities/collective-agreements/2024/7,Pahvin- ja paperinjalostusalan työehtosopimus,Committee for Confirming the General Applicability of Collective Agreements,2.9.2024,7/2024,1.4.2025,31.3.2028,3.4.2025,Työehtosopimus on yleissitova,Pahvin- ja Paperinjalostajat JALO ry,Paperiliitto ry,PahvPap2504.pdf,PahvPap2401.pdf,PahvPap2203.pdf,TT54PahvPap2002.pdf,,,,
2024,General Applicability Agreement,https://www.finlex.fi/en/authorities/collective-agreements/2024/8,Pahvin- ja paperinjalostusalan toimihenkilöiden työehtosopimus,Committee for Confirming the General Applicability of Collective Agreements,16.12.2024,8/2024,1.1.2024,31.1.2026,16.2.2024,Työehtosopimus on yleissitova,Pahvin- ja paperinjalostajat Jalo ry,Ammattiliitto Pro ry,Pahpapjalth2401.pdf,Pahpapjalth2203.pdf,TT143pahpapjalth2003.pdf,,,,,
2025,General Applicability Agreement,https://www.finlex.fi/en/authorities/collective-agreements/2025/2,Yksityisen opetusalan hallinto- ja tukipalveluhenkilöstön työehtosopimus,Committee for Confirming the General Applicability of Collective Agreements,10.3.2025,2/2025,23.5.2024,31.3.2026,23.5.2024,Työehtosopimus on yleissitova,Sivistysala ry,"Ammattiliitto Jyty ry, Julkisten ja hyvinvointialojen liitto JHL ry",Yksityisenopetusalanhallintojatuki2405.pdf,Yksityisenopetusalanhallintojatukip2405.pdf,,,,,,
2025,General Applicability Agreement,https://www.finlex.fi/en/authorities/collective-agreements/2025/3,Ammatillisten aikuiskoulutuskeskusten hallinto- ja tukipalveluhenkilöstön työehtosopimus,Committee for Confirming the General Applicability of Collective Agreements,10.3.2025,1/2025,23.5.2024,31.3.2026,23.5.2024,Työehtosopimus on yleissitova,Sivistysala ry,"Ammattiliitto Jyty ry, Julkisten ja hyvinvointialojen liitto JHL ry",Ammatillistenaikuiskoulutushallintojatuki2405.pdf,Ammatillistenaikuiskoulutushallintojatukip2405.pdf,,,,,,
2025,General Applicability Agreement,https://www.finlex.fi/en/authorities/collective-agreements/2025/4,Kollektivavtal för undervisningspersonal inom den privata undervisningssektorn,Committee for Confirming the General Applicability of Collective Agreements,19.5.2025,4/2025,28.6.2024,31.3.2027,28.6.2024,Kollektivavtalet är allmänt bindande,Bildningsbranschen rf,Undervisningssektorns Fackorganisation OAJ rf,YksityisopetusalanopetushenkilostoStmRuotsi2406.pdf,,,,,,,
2025,General Applicability Agreement,https://www.finlex.fi/en/authorities/collective-agreements/2025/5,Ammatillisten aikuiskoulutuskeskusten opetushenkilöstön työehtosopimus,Committee for Confirming the General Applicability of Collective Agreements,19.5.2025,3/2025,21.8.2024,31.3.2027,21.8.2024,Työehtosopimus on yleissitova,Sivistysala ry,Opetusalan Ammattijärjestö OAJ ry,Ammatilaikuisopetus2408.pdf,,,,,,,
2025,General Applicability Agreement,https://www.finlex.fi/en/authorities/collective-agreements/2025/6,Riksomfattande kollektivavtal för personliga assistenter,Committee for Confirming the General Applicability of Collective Agreements,6.10.2025,6/2025,1.5.2025,30.4.2028,8.5.2025,Kollektivavtalet är allmänt bindande,Heta – henkilökohtaisten avustajien työnantajien liitto ry,Förbundet för den offentliga sektorn och välfärdsområdena JHL rf,HenkilokohtaisiaavustajiaStmRuotsi2505.pdf,,,,,,,
2025,General Applicability Agreement,https://www.finlex.fi/en/authorities/collective-agreements/2025/7,Kollektivavtal för tjänsteinnehavare mellan Medieförbundet och Fackförbundet Pro samt Viestintäalan toimihenkilöt Grafinet ry,Committee for Confirming the General Applicability of Collective Agreements,6.10.2025,5/2025,1.3.2025,29.2.2028,14.3.2025,Kollektivavtalet är allmänt bindande,Medieförbundet rf,"Fackförbundet Pro rf, Viestintäalan toimihenkilöt Grafinet ry",MedialiittoProGrafinettoimihenkilotStmRuotsi2503.pdf,,,,,,,
2025,General Applicability Agreement,https://www.finlex.fi/en/authorities/collective-agreements/2025/8,Kollektivavtal för bilmän inom livsmedelsindustrin,Committee for Confirming the General Applicability of Collective Agreements,10.11.2025,8/2025,25.4.2025,31.1.2028,25.4.2025,Kollektivavtalet är inte allmänt bindande,Livsmedelsindustriförbundet rf,Bil- och Transportbranschens Arbetarförbund AKT rf,,,,,,,,
2025,General Applicability Agreement,https://www.finlex.fi/en/authorities/collective-agreements/2025/9,Kollektivavtal för färjor,Committee for Confirming the General Applicability of Collective Agreements,10.11.2025,7/2025,26.3.2025,29.2.2028,26.3.2025,Kollektivavtalet är allmänt bindande,Arbetsgivarna för servicebranscherna PALTA rf,Unionen för hamnar och vattenleder rf,LossiStmRuotsi2503.pdf,LossiStmRuotsi2303.pdf,LossiStmRuotsi2102.pdf,,,,,